Pickup Id,Delivery Id,Description,Pickup Location Lat,Pickup Location Lng,Pickup Start Time,Pickup End Time,Delivery Location Lat,Delivery Location Lng,Delivery Start Time,Delivery End Time,Quantity,Priority
1,1,COT-06449,60.721187,-135.056839,2023-02-18 09:00,2023-02-18 09:45,63.59168243,-135.9026489,2023-02-18 12:00,2023-02-18 12:45,845.0,5
2,2,COT-06465,60.721187,-135.056839,2023-02-18 09:45,2023-02-18 10:30,60.70580673,-135.0769196,2023-02-18 12:45,2023-02-18 13:30,1709.2,1
3,3,COT-06470,60.721187,-135.056839,2023-02-18 10:30,2023-02-18 11:15,60.8227005,-135.2075958,2023-02-18 13:30,2023-02-18 14:15,669.9,6
4,4,COT-06471,60.721187,-135.056839,2023-02-18 11:15,2023-02-18 12:00,60.73803711,-135.0803833,2023-02-18 14:15,2023-02-18 15:00,1027.1,2
5,5,COT-06473,60.721187,-135.056839,2023-02-18 12:00,2023-02-18 12:45,60.74150467,-135.114151,2023-02-18 15:00,2023-02-18 15:45,20.2,10
6,6,COT-06474,60.721187,-135.056839,2023-02-18 12:45,2023-02-18 13:30,60.82656479,-135.2092896,2023-02-18 15:45,2023-02-18 16:30,259.1,7
7,7,COT-06481,53.54129,-113.48872,2023-02-18 13:30,2023-02-18 14:15,60.16386795,-132.7238617,2023-02-18 16:30,2023-02-18 17:15,906.4,4
8,8,COT-06523,60.721187,-135.056839,2023-02-18 14:15,2023-02-18 15:00,60.64229202,-135.0189667,2023-02-18 17:15,2023-02-18 18:00,998.3,3
9,9,COT-06524,60.721187,-135.056839,2023-02-18 15:00,2023-02-18 15:45,60.71057892,-135.1090393,2023-02-18 18:00,2023-02-18 18:45,144.4,9
10,10,COT-06529,60.721187,-135.056839,2023-02-18 15:45,2023-02-18 16:30,60.07219315,-128.7197266,2023-02-18 18:45,2023-02-18 19:30,232.4,8
