pickup_id,delivery_id,pickup_description,delivery_description,pickup_location,delivery_location,pickup_setup,delivery_service,amount,delivery_time_start,delivery_time_end
61117-2L,61117-2D,"Kinder Morgan 125 N. 53rd Ave, Phoenix","61117|1549 South 59th Avenue , Phoenix, AZ|ULSD Clear","33.44854856870365,-112.17782466657957","33.434477, -112.18419",2700,1200,"[239, 0, 0, 0, 0]",2025-07-16 12:00:00,2025-07-17 12:00:00
62483-3L,62483-3D,"Kinder Morgan 125 N. 53rd Ave, Phoenix","62483|515 North 51st Avenue, Phoenix, AZ|ULSD Clear","33.44854856870365,-112.17782466657957","33.454461, -112.167345",2700,3540,"[658, 0, 0, 0, 0]",2025-07-16 08:00:00,2025-07-16 16:00:00
81840-4L,81840-4D,"Kinder Morgan 125 N. 53rd Ave, Phoenix","81840|4715 West Buckeye Road, Phoenix, AZ|ULSD Clear","33.44854856870365,-112.17782466657957","33.436107, -112.161449",2700,480,"[0, 0, 0, 0, 0]",2025-07-16 08:00:00,2025-07-16 16:00:00
124548-5L,124548-5D,"Kinder Morgan 125 N. 53rd Ave, Phoenix","124548|2831 North 31st Avenue, Phoenix, AZ|ULSD Clear","33.44854856870365,-112.17782466657957","33.479124, -112.124564",2700,7620,"[192, 0, 0, 0, 0]",2025-07-16 19:00:00,2025-07-17 19:00:00
125327-6L,125327-6D,"Kinder Morgan 125 N. 53rd Ave, Phoenix","125327|2131 W Roosevelt Street, Phoenix, AZ|ULSD Clear","33.44854856870365,-112.17782466657957","33.4576975, -112.1054091",2700,5100,"[383, 0, 0, 0, 0]",2025-07-16 08:00:00,2025-07-16 16:00:00
125348-7L,125348-7D,"Kinder Morgan 125 N. 53rd Ave, Phoenix","125348|2831 North 31st Avenue, Phoenix, AZ|ULSD Clear","33.44854856870365,-112.17782466657957","33.479124, -112.124564",2700,7620,"[58, 0, 0, 0, 0]",2025-07-16 12:00:00,2025-07-17 12:00:00
126227-8L,126227-8D,"Kinder Morgan 125 N. 53rd Ave, Phoenix","126227|3910 East Wier Avenue , Phoenix, AZ|ULSD Clear","33.44854856870365,-112.17782466657957","33.40426, -111.997068",2700,1500,"[42, 0, 0, 0, 0]",2025-07-16 17:00:00,2025-07-17 17:00:00
126285-9L,126285-9D,"Kinder Morgan 125 N. 53rd Ave, Phoenix","126285|3200 South 7th Street , Phoenix, AZ|ULSD Clear","33.44854856870365,-112.17782466657957","33.4173688, -112.0650857",2700,2940,"[258, 0, 0, 0, 0]",2025-07-16 16:30:00,2025-07-16 20:00:00
126300-10L,126300-10D,"Kinder Morgan 125 N. 53rd Ave, Phoenix","126300|4239 South 43rd Place , Phoenix, AZ|ULSD Clear","33.44854856870365,-112.17782466657957","33.408162, -111.987342",2700,2280,"[107, 0, 0, 0, 0]",2025-07-16 14:30:00,2025-07-17 14:30:00
126889-11L,126889-11D,"Kinder Morgan 125 N. 53rd Ave, Phoenix","126889|3612 South 36th Street , Phoenix, AZ|ULSD Dyed","33.44854856870365,-112.17782466657957","33.41392, -112.004794",2700,2100,"[0, 13, 0, 0, 0]",2025-07-16 18:00:00,2025-07-17 18:00:00
128832-12L,128832-12D,"Kinder Morgan 125 N. 53rd Ave, Phoenix","128832|5088 W Innovation Pkwy, Phoenix, AZ|ULSD Dyed","33.44854856870365,-112.17782466657957","33.7759795, -112.1604877",2700,1440,"[0, 0, 0, 0, 0]",2025-07-16 12:00:00,2025-07-17 12:00:00
129857-13L,129857-13D,"Kinder Morgan 125 N. 53rd Ave, Phoenix","129857|320 E Deer Valley Dr, Phoenix, AZ|ULSD Dyed","33.44854856870365,-112.17782466657957","33.6814392, -111.9805145",2700,900,"[0, 45, 0, 0, 0]",2025-07-16 12:00:00,2025-07-17 12:00:00
130469-14L,130469-14D,"Kinder Morgan 125 N. 53rd Ave, Phoenix","130469|14250 W El Sol, Goodyear, AZ|ULSD Dyed","33.44854856870365,-112.17782466657957","33.4137854, -112.3730374",2700,300,"[0, 182, 0, 0, 0]",2025-07-16 12:00:00,2025-07-17 12:00:00
150502-15L,150502-15D,"Kinder Morgan 125 N. 53rd Ave, Phoenix","150502|33 S 56th St Suite 102, Chandler, AZ|ULSD Dyed","33.44854856870365,-112.17782466657957","33.303908, -111.961947",2700,4380,"[0, 1782, 0, 0, 0]",2025-07-16 08:00:00,2025-07-16 16:00:00
150759-16L,150759-16D,"Kinder Morgan 125 N. 53rd Ave, Phoenix","150759|850 S Bullard Ave, Goodyear, AZ|ULSD Dyed","33.44854856870365,-112.17782466657957","33.43659, -112.3786",2700,1020,"[0, 237, 0, 0, 0]",2025-07-16 08:00:00,2025-07-16 16:00:00
152940-17L,152940-17D,"Kinder Morgan 125 N. 53rd Ave, Phoenix","152940|3785 N CITRUS Road, Phoenix, AZ|ULSD Dyed","33.44854856870365,-112.17782466657957","33.490086, -112.440136",2700,1740,"[0, 441, 0, 0, 0]",2025-07-16 08:00:00,2025-07-16 16:00:00
155479-18L,155479-18D,"Kinder Morgan 125 N. 53rd Ave, Phoenix","155479|319 North 26th Avenue , Phoenix, AZ|ULSD Dyed","33.44854856870365,-112.17782466657957","33.452087, -112.114231",2700,660,"[0, 162, 0, 0, 0]",2025-07-16 08:00:00,2025-07-16 16:00:00
172293-19L,172293-19D,"Kinder Morgan 125 N. 53rd Ave, Phoenix","172293|8828 N 31st Ave, Phoenix, AZ|ULSD Dyed","33.44854856870365,-112.17782466657957","33.56715, -112.1278",2700,960,"[0, 19, 0, 0, 0]",2025-07-16 08:00:00,2025-07-16 16:00:00
62623-20L,62623-20D,"Kinder Morgan 125 N. 53rd Ave, Phoenix","62623|750 North 119th Avenue, Avondale, AZ|ULSD Dyed","33.44854856870365,-112.17782466657957","33.456581, -112.317345",2700,4560,"[0, 239, 0, 0, 0]",2025-07-16 04:00:00,2025-07-16 06:00:00
81840-21L,81840-21D,"Kinder Morgan 125 N. 53rd Ave, Phoenix","81840|4715 West Buckeye Road, Phoenix, AZ|ULSD Clear","33.44854856870365,-112.17782466657957","33.436107, -112.161449",2700,240,"[34, 0, 0, 0, 0]",2025-07-16 08:00:00,2025-07-16 16:00:00
124516-22L,124516-22D,"Kinder Morgan 125 N. 53rd Ave, Phoenix","124516|8602 West Buckeye Road, Tolleson, AZ|ULSD Clear","33.44854856870365,-112.17782466657957","33.438311, -112.24737",2700,6780,"[803, 0, 0, 0, 0]",2025-07-16 08:00:00,2025-07-16 16:00:00
125392-23L,125392-23D,"Kinder Morgan 125 N. 53rd Ave, Phoenix","125392|36492 North 51st Avenue , Anthem, AZ|ULSD Dyed","33.44854856870365,-112.17782466657957","33.7982873, -112.1696578",2700,1320,"[0, 312, 0, 0, 0]",2025-07-16 00:00:00,2025-07-17 00:00:00
126025-24L,126025-24D,"Kinder Morgan 125 N. 53rd Ave, Phoenix","126025|8525 N 75th Avenue , Peoria, AZ|DEF","33.44854856870365,-112.17782466657957","33.560605, -112.218089",2700,1500,"[0, 0, 0, 0, 0]",2025-07-16 08:00:00,2025-07-16 16:00:00
126433-25L,126433-25D,"Kinder Morgan 125 N. 53rd Ave, Phoenix","126433|3002 East Old Tower Road , Phoenix, AZ|ULSD Clear","33.44854856870365,-112.17782466657957","33.4235357, -112.0157934",2700,6720,"[1167, 0, 0, 0, 0]",2025-07-16 20:00:00,2025-07-17 20:00:00
130310-26L,130310-26D,"Kinder Morgan 125 N. 53rd Ave, Phoenix","130310|4350 S 18th Ave, Phoenix, AZ|ULSD Clear","33.44854856870365,-112.17782466657957","33.40976, -112.0951",2700,1860,"[547, 0, 0, 0, 0]",2025-07-16 20:00:00,2025-07-17 20:00:00
142302-27L,142302-27D,"Kinder Morgan 125 N. 53rd Ave, Phoenix","142302|3856 S Everton Terrace, Mesa, AZ|ULSD Dyed","33.44854856870365,-112.17782466657957","33.3448055, -111.6189128",2700,120,"[0, 12, 0, 0, 0]",2025-07-16 12:00:00,2025-07-17 12:00:00
147501-28L,147501-28D,"Kinder Morgan 125 N. 53rd Ave, Phoenix","147501|13255 West Sweatwater Avenue, Surprise, AZ|ULSD Clear","33.44854856870365,-112.17782466657957","33.600126, -112.345584",2700,2220,"[155, 0, 0, 0, 0]",2025-07-16 08:00:00,2025-07-16 16:30:00
149762-29L,149762-29D,"Kinder Morgan 125 N. 53rd Ave, Phoenix","149762|NEC 32nd St and McDowell, Mesa, AZ|ULSD Clear","33.44854856870365,-112.17782466657957","33.455766, -111.760519",2700,420,"[215, 0, 0, 0, 0]",2025-07-16 12:00:00,2025-07-17 12:00:00
150660-30L,150660-30D,"Kinder Morgan 125 N. 53rd Ave, Phoenix","150660|13550 W Auto Dr, Goodyear, AZ|ULSD Dyed","33.44854856870365,-112.17782466657957","33.452093, -112.35161",2700,1920,"[0, 376, 0, 0, 0]",2025-07-16 12:00:00,2025-07-17 12:00:00
153205-31L,153205-31D,"Kinder Morgan 125 N. 53rd Ave, Phoenix","153205|1975 S 99th Ave, Tolleson, AZ|ULSD Dyed","33.44854856870365,-112.17782466657957","33.4285298, -112.2724977",2700,1860,"[0, 30, 0, 0, 0]",2025-07-16 06:00:00,2025-07-16 15:00:00
154133-32L,154133-32D,"Kinder Morgan 125 N. 53rd Ave, Phoenix","154133|12250 W Corporate Dr, Avondale, AZ|ULSD Dyed","33.44854856870365,-112.17782466657957","33.4526293, -112.3173844",2700,960,"[0, 0, 0, 0, 0]",2025-07-16 08:00:00,2025-07-16 16:00:00
158382-33L,158382-33D,"Kinder Morgan 125 N. 53rd Ave, Phoenix","158382|1431 North Recker Rd, Gilbert, AZ|ULSD Dyed","33.44854856870365,-112.17782466657957","33.3763745, -111.7043554",2700,1140,"[0, 629, 0, 0, 0]",2025-07-16 00:00:00,2025-07-17 00:00:00
158452-34L,158452-34D,"Kinder Morgan 125 N. 53rd Ave, Phoenix","158452|NEC 64th St and Mayo Blvd, Phoenix, AZ|ULSD Dyed","33.44854856870365,-112.17782466657957","33.582229, -111.944216",2700,1740,"[0, 93, 0, 0, 0]",2025-07-16 00:00:00,2025-07-17 00:00:00
162845-35L,162845-35D,"Kinder Morgan 125 N. 53rd Ave, Phoenix","162845|3340 E Warner Rd, Gilbert, AZ|ULSD Dyed","33.44854856870365,-112.17782466657957","33.3360326, -111.7171873",2700,840,"[0, 64, 0, 0, 0]",2025-07-16 08:00:00,2025-07-16 16:00:00
162983-36L,162983-36D,"Kinder Morgan 125 N. 53rd Ave, Phoenix","162983|SE Verrado & McDowell, Buckeye, AZ|ULSD Dyed","33.44854856870365,-112.17782466657957","33.466268, -112.5013",2700,1560,"[0, 356, 0, 0, 0]",2025-07-16 12:00:00,2025-07-17 12:00:00
170914-37L,170914-37D,"Kinder Morgan 125 N. 53rd Ave, Phoenix","170914|1325 S. Signal Butte Road , Mesa, AZ|ULSD Clear","33.44854856870365,-112.17782466657957","33.392832, -111.5979173",2700,2520,"[58, 0, 0, 0, 0]",2025-07-16 08:00:00,2025-07-16 16:00:00
62522-38L,62522-38D,"Kinder Morgan 125 N. 53rd Ave, Phoenix","62522|859 South 86th Avenue , Tolleson, AZ|ULSD Dyed","33.44854856870365,-112.17782466657957","33.439704, -112.24374",2700,1980,"[0, 97, 0, 0, 0]",2025-07-16 06:00:00,2025-07-16 10:00:00
121748-39L,121748-39D,"Kinder Morgan 125 N. 53rd Ave, Phoenix","121748|3045 South 35th Avenue, Phoenix, AZ|ULSD Dyed","33.44854856870365,-112.17782466657957","33.419256, -112.133344",2700,2760,"[0, 58, 0, 0, 0]",2025-07-16 19:00:00,2025-07-16 22:00:00
124520-40L,124520-40D,"Kinder Morgan 125 N. 53rd Ave, Phoenix","124520|420 South 53rd Avenue Suite 101, Phoenix, AZ|ULSD Dyed","33.44854856870365,-112.17782466657957","33.442564, -112.173494",2700,6480,"[0, 141, 0, 0, 0]",2025-07-16 12:00:00,2025-07-16 16:00:00
126106-41L,126106-41D,"Kinder Morgan 125 N. 53rd Ave, Phoenix","126106|7831 N 67th Ave, Glendale, AZ|ULSD Clear","33.44854856870365,-112.17782466657957","33.5515337, -112.2026333",2700,1800,"[111, 0, 0, 0, 0]",2025-07-16 17:00:00,2025-07-17 17:00:00
126228-42L,126228-42D,"Kinder Morgan 125 N. 53rd Ave, Phoenix","126228|402 South 54th Place , Phoenix, AZ|ULSD Dyed","33.44854856870365,-112.17782466657957","33.4429001, -111.9662533",2700,4860,"[0, 78, 0, 0, 0]",2025-07-16 00:00:00,2025-07-17 00:00:00
127000-43L,127000-43D,"Kinder Morgan 125 N. 53rd Ave, Phoenix","127000|1198 West Fairmont Drive , Tempe, AZ|ULSD Clear","33.44854856870365,-112.17782466657957","33.396939, -111.957486",2700,2820,"[110, 0, 0, 0, 0]",2025-07-16 02:00:00,2025-07-17 02:00:00
129217-44L,129217-44D,"Kinder Morgan 125 N. 53rd Ave, Phoenix","129217|4750 West Mohave Street , Phoenix, AZ|ULSD Clear","33.44854856870365,-112.17782466657957","33.434615, -112.167224",2700,660,"[48, 0, 0, 0, 0]",2025-07-16 06:00:00,2025-07-16 09:00:00
133961-45L,133961-45D,"Kinder Morgan 125 N. 53rd Ave, Phoenix","133961|3856 S Everton Terrace, Mesa, AZ|ULSD Dyed","33.44854856870365,-112.17782466657957","33.3448055, -111.6189128",2700,360,"[0, 121, 0, 0, 0]",2025-07-16 12:00:00,2025-07-17 12:00:00
134782-46L,134782-46D,"Kinder Morgan 125 N. 53rd Ave, Phoenix","134782|NWC of North 150th Drive and McDowell, Goodyear, AZ|ULSD Dyed","33.44854856870365,-112.17782466657957","33.476552, -112.382633",2700,480,"[0, 12, 0, 0, 0]",2025-07-16 12:00:00,2025-07-17 12:00:00
137797-47L,137797-47D,"Kinder Morgan 125 N. 53rd Ave, Phoenix","137797|7201 E. Henkel Way, Scottsdale, AZ|ULSD Dyed","33.44854856870365,-112.17782466657957","33.6592671, -111.9232216",2700,1560,"[0, 81, 0, 0, 0]",2025-07-16 12:00:00,2025-07-17 12:00:00
142951-48L,142951-48D,"Kinder Morgan 125 N. 53rd Ave, Phoenix","142951|44167 N Ironwood Dr, Queen Creek, AZ|ULSD Dyed","33.44854856870365,-112.17782466657957","33.2936913, -111.563238",2700,480,"[0, 276, 0, 0, 0]",2025-07-16 12:00:00,2025-07-17 12:00:00
149971-49L,149971-49D,"Kinder Morgan 125 N. 53rd Ave, Phoenix","149971|4780 North Cotton Lane, Goodyear, AZ|ULSD Clear","33.44854856870365,-112.17782466657957","33.502528, -112.430981",2700,1860,"[0, 0, 0, 0, 0]",2025-07-16 08:00:00,2025-07-16 16:00:00
159007-50L,159007-50D,"Kinder Morgan 125 N. 53rd Ave, Phoenix","159007|8787 West Buckeye Road, Tolleson, AZ|ULSD Clear","33.44854856870365,-112.17782466657957","33.4355035, -112.248653",2700,5460,"[934, 0, 0, 0, 0]",2025-07-16 08:00:00,2025-07-16 16:00:00
162264-51L,162264-51D,"Kinder Morgan 125 N. 53rd Ave, Phoenix","162264|8785 N Reems Rd, El Mirage, AZ|ULSD Dyed","33.44854856870365,-112.17782466657957","33.5617783, -112.324449",2700,1800,"[0, 350, 0, 0, 0]",2025-07-16 08:00:00,2025-07-16 16:00:00
171111-52L,171111-52D,"Kinder Morgan 125 N. 53rd Ave, Phoenix","171111|624 N. 44th Ave, Phoenix, AZ|ULSD Dyed","33.44854856870365,-112.17782466657957","33.456251, -112.157261",2700,1140,"[0, 691, 0, 0, 0]",2025-07-16 00:00:00,2025-07-17 00:00:00
173415-53L,173415-53D,"Kinder Morgan 125 N. 53rd Ave, Phoenix","173415|11923 West Indian School, Avondale, AZ|ULSD Clear","33.44854856870365,-112.17782466657957","33.490739, -112.318362",2700,2400,"[106, 0, 0, 0, 0]",2025-07-16 08:00:00,2025-07-16 16:00:00
62852-54L,62852-54D,"Kinder Morgan 125 N. 53rd Ave, Phoenix","62852|211 South 49th Ave, Phoenix, AZ|ULSD Dyed","33.44854856870365,-112.17782466657957","33.446077, -112.165334",2700,4620,"[0, 93, 0, 0, 0]",2025-07-16 18:00:00,2025-07-16 22:00:00
81840-55L,81840-55D,"Kinder Morgan 125 N. 53rd Ave, Phoenix","81840|4715 West Buckeye Road, Phoenix, AZ|ULSD Clear","33.44854856870365,-112.17782466657957","33.436107, -112.161449",2700,300,"[35, 0, 0, 0, 0]",2025-07-16 08:00:00,2025-07-16 16:00:00
81840-56L,81840-56D,"Kinder Morgan 125 N. 53rd Ave, Phoenix","81840|4715 West Buckeye Road, Phoenix, AZ|ULSD Clear","33.44854856870365,-112.17782466657957","33.436107, -112.161449",2700,300,"[33, 0, 0, 0, 0]",2025-07-16 08:00:00,2025-07-16 16:00:00
124914-57L,124914-57D,"Kinder Morgan 125 N. 53rd Ave, Phoenix","124914|3575 South 28th Street Suite 100, Phoenix, AZ|ULSD Clear","33.44854856870365,-112.17782466657957","33.415268, -112.020504",2700,1260,"[203, 0, 0, 0, 0]",2025-07-16 19:00:00,2025-07-17 19:00:00
125455-58L,125455-58D,"Kinder Morgan 125 N. 53rd Ave, Phoenix","125455|7600 West Roosevelt Street, Phoenix, AZ|ULSD Clear","33.44854856870365,-112.17782466657957","33.4598, -112.2228999",2700,8340,"[41, 0, 0, 0, 0]",2025-07-16 07:00:00,2025-07-17 07:00:00
126295-59L,126295-59D,"Kinder Morgan 125 N. 53rd Ave, Phoenix","126295|3121 South 40th Street , Waddell, AZ|ULSD Clear","33.44854856870365,-112.17782466657957","33.4194354, -111.9953836",2700,2340,"[64, 0, 0, 0, 0]",2025-07-16 15:00:00,2025-07-16 23:30:00
126997-60L,126997-60D,"Kinder Morgan 125 N. 53rd Ave, Phoenix","126997|245 South Nina Drive , Mesa, AZ|ULSD Clear","33.44854856870365,-112.17782466657957","33.4106566, -111.8505337",2700,4800,"[180, 0, 0, 0, 0]",2025-07-16 08:00:00,2025-07-16 16:00:00
128832-61L,128832-61D,"Kinder Morgan 125 N. 53rd Ave, Phoenix","128832|5088 W Innovation Pkwy, Phoenix, AZ|ULSD Dyed","33.44854856870365,-112.17782466657957","33.7759795, -112.1604877",2700,120,"[0, 4, 0, 0, 0]",2025-07-16 12:00:00,2025-07-17 12:00:00
128832-62L,128832-62D,"Kinder Morgan 125 N. 53rd Ave, Phoenix","128832|5088 W Innovation Pkwy, Phoenix, AZ|ULSD Dyed","33.44854856870365,-112.17782466657957","33.7759795, -112.1604877",2700,660,"[0, 6, 0, 0, 0]",2025-07-16 12:00:00,2025-07-17 12:00:00
129200-63L,129200-63D,"Kinder Morgan 125 N. 53rd Ave, Phoenix","129200|580 S 143rd Ave, Goodyear, AZ|ULSD Clear","33.44854856870365,-112.17782466657957","33.441249, -112.372212",2700,1140,"[135, 0, 0, 0, 0]",2025-07-16 08:00:00,2025-07-16 16:00:00
133961-64L,133961-64D,"Kinder Morgan 125 N. 53rd Ave, Phoenix","133961|3856 S Everton Terrace, Mesa, AZ|ULSD Dyed","33.44854856870365,-112.17782466657957","33.3448055, -111.6189128",2700,4020,"[0, 1342, 0, 0, 0]",2025-07-16 12:00:00,2025-07-17 12:00:00
135664-65L,135664-65D,"Kinder Morgan 125 N. 53rd Ave, Phoenix","135664|4775 E Washington St, Phoenix, AZ|ULSD Clear","33.44854856870365,-112.17782466657957","33.4468707, -111.9796196",2700,180,"[12, 0, 0, 0, 0]",2025-07-16 05:30:00,2025-07-16 15:00:00
136733-66L,136733-66D,"Kinder Morgan 125 N. 53rd Ave, Phoenix","136733|6902 E Greenway Parkway, Scottsdale, AZ|ULSD Dyed","33.44854856870365,-112.17782466657957","33.6256375, -111.9325224",2700,1740,"[0, 117, 0, 0, 0]",2025-07-16 06:00:00,2025-07-16 15:00:00
138426-67L,138426-67D,"Kinder Morgan 125 N. 53rd Ave, Phoenix","138426|4626 South 40th St, Phoenix, AZ|ULSD Clear","33.44854856870365,-112.17782466657957","33.404559, -111.995977",2700,4140,"[337, 0, 0, 0, 0]",2025-07-16 15:30:00,2025-07-16 17:00:00
151073-68L,151073-68D,"Kinder Morgan 125 N. 53rd Ave, Phoenix","151073|14390 W Celebrate Life Way, Goodyear, AZ|ULSD Dyed","33.44854856870365,-112.17782466657957","33.4529753, -112.3718118",2700,600,"[0, 293, 0, 0, 0]",2025-07-16 12:00:00,2025-07-17 12:00:00
152940-69L,152940-69D,"Kinder Morgan 125 N. 53rd Ave, Phoenix","152940|3785 N CITRUS Road, Phoenix, AZ|DEF","33.44854856870365,-112.17782466657957","33.490086, -112.440136",2700,360,"[0, 0, 0, 0, 0]",2025-07-16 08:00:00,2025-07-16 16:00:00
157500-70L,157500-70D,"Kinder Morgan 125 N. 53rd Ave, Phoenix","157500|163rd Ave & W. Planada Lane, Surprise, AZ|ULSD Clear","33.44854856870365,-112.17782466657957","33.694937, -112.401683",2700,2460,"[27, 0, 0, 0, 0]",2025-07-16 00:00:00,2025-07-17 00:00:00
158052-71L,158052-71D,"Kinder Morgan 125 N. 53rd Ave, Phoenix","158052|SE Verrado & McDowell, Buckeye, AZ|ULSD Dyed","33.44854856870365,-112.17782466657957","33.466268, -112.5013",2700,5220,"[0, 74, 0, 0, 0]",2025-07-16 00:00:00,2025-07-17 00:00:00
81840-72L,81840-72D,"Kinder Morgan 125 N. 53rd Ave, Phoenix","81840|4715 West Buckeye Road, Phoenix, AZ|ULSD Clear","33.44854856870365,-112.17782466657957","33.436107, -112.161449",2700,600,"[5, 0, 0, 0, 0]",2025-07-16 08:00:00,2025-07-16 16:00:00
81840-73L,81840-73D,"Kinder Morgan 125 N. 53rd Ave, Phoenix","81840|4715 West Buckeye Road, Phoenix, AZ|ULSD Clear","33.44854856870365,-112.17782466657957","33.436107, -112.161449",2700,540,"[20, 0, 0, 0, 0]",2025-07-16 08:00:00,2025-07-16 16:00:00
124560-74L,124560-74D,"Kinder Morgan 125 N. 53rd Ave, Phoenix","124560|3001 W Whitton Avenue, Phoenix, AZ|ULSD Clear","33.44854856870365,-112.17782466657957","33.489362, -112.124548",2700,2580,"[535, 0, 0, 0, 0]",2025-07-16 17:00:00,2025-07-16 19:00:00
126025-75L,126025-75D,"Kinder Morgan 125 N. 53rd Ave, Phoenix","126025|8525 N 75th Avenue , Peoria, AZ|ULSD Dyed","33.44854856870365,-112.17782466657957","33.560605, -112.218089",2700,10680,"[0, 63, 0, 0, 0]",2025-07-16 08:00:00,2025-07-16 16:00:00
126045-76L,126045-76D,"Kinder Morgan 125 N. 53rd Ave, Phoenix","126045|21829 North 16th Street , Phoenix, AZ|ULSD Clear","33.44854856870365,-112.17782466657957","33.685421, -112.045223",2700,10440,"[1868, 0, 0, 0, 0]",2025-07-16 18:00:00,2025-07-17 18:00:00
127713-77L,127713-77D,"Kinder Morgan 125 N. 53rd Ave, Phoenix","127713|8390 South Kyrene , Tempe, AZ|ULSD Clear","33.44854856870365,-112.17782466657957","33.338357, -111.946217",2700,3240,"[222, 0, 0, 0, 0]",2025-07-16 20:00:00,2025-07-17 20:00:00
128116-78L,128116-78D,"Kinder Morgan 125 N. 53rd Ave, Phoenix","128116|2887 South Market Street , Gilbert, AZ|ULSD Dyed","33.44854856870365,-112.17782466657957","33.296095, -111.745647",2700,600,"[0, 31, 0, 0, 0]",2025-07-16 08:00:00,2025-07-16 16:00:00
129189-79L,129189-79D,"Kinder Morgan 125 N. 53rd Ave, Phoenix","129189|16920 West Commerce Drive , Goodyear, AZ|ULSD Clear","33.44854856870365,-112.17782466657957","33.412039, -112.421796",2700,480,"[52, 0, 0, 0, 0]",2025-07-16 10:00:00,2025-07-16 12:00:00
129857-80L,129857-80D,"Kinder Morgan 125 N. 53rd Ave, Phoenix","129857|320 E Deer Valley Dr, Phoenix, AZ|ULSD Clear","33.44854856870365,-112.17782466657957","33.6814392, -111.9805145",2700,420,"[15, 0, 0, 0, 0]",2025-07-16 12:00:00,2025-07-17 12:00:00
135605-81L,135605-81D,"Kinder Morgan 125 N. 53rd Ave, Phoenix","135605|NEC 32nd St and McDowell, Mesa, AZ|ULSD Clear","33.44854856870365,-112.17782466657957","33.455766, -111.760519",2700,1380,"[194, 0, 0, 0, 0]",2025-07-16 12:00:00,2025-07-17 12:00:00
152739-82L,152739-82D,"Kinder Morgan 125 N. 53rd Ave, Phoenix","152739|44167 N Ironwood Drive, San Tan Valley, AZ|ULSD Dyed","33.44854856870365,-112.17782466657957","33.2936913, -111.563238",2700,1260,"[0, 64, 0, 0, 0]",2025-07-16 08:00:00,2025-07-16 16:00:00
155475-83L,155475-83D,"Kinder Morgan 125 N. 53rd Ave, Phoenix","155475|18304 West Lower Buckeye , Buckeye, AZ|ULSD Dyed","33.44854856870365,-112.17782466657957","33.422936, -112.453706",2700,840,"[0, 168, 0, 0, 0]",2025-07-16 06:30:00,2025-07-16 13:30:00
159405-84L,159405-84D,"Kinder Morgan 125 N. 53rd Ave, Phoenix","159405|5301 W Bethany Home Road, Phoenix, AZ|ULSD Clear","33.44854856870365,-112.17782466657957","33.5239097, -112.0857283",2700,960,"[286, 0, 0, 0, 0]",2025-07-16 06:00:00,2025-07-16 11:00:00
159952-85L,159952-85D,"Kinder Morgan 125 N. 53rd Ave, Phoenix","159952|5757 Lower Buckeye Road, Phoenix, AZ|ULSD Clear","33.44854856870365,-112.17782466657957","33.420339, -112.184674",2700,4080,"[470, 0, 0, 0, 0]",2025-07-16 15:00:00,2025-07-16 20:00:00
160541-86L,160541-86D,"Kinder Morgan 125 N. 53rd Ave, Phoenix","160541|335 E Pecos Rd, San Tan Valley, AZ|ULSD Dyed","33.44854856870365,-112.17782466657957","33.293379, -111.567631",2700,480,"[0, 72, 0, 0, 0]",2025-07-16 08:00:00,2025-07-16 16:00:00
171924-87L,171924-87D,"Kinder Morgan 125 N. 53rd Ave, Phoenix","171924|20555 N 55th St , Phoenix, AZ|ULSD Dyed","33.44854856870365,-112.17782466657957","33.690163, -111.955716",2700,1740,"[0, 45, 0, 0, 0]",2025-07-16 08:00:00,2025-07-16 16:00:00
61118-88L,61118-88D,"Kinder Morgan 125 N. 53rd Ave, Phoenix","61118|1411 South 47th Avenue, Phoenix, AZ|ULSD Clear","33.44854856870365,-112.17782466657957","33.434576, -112.15826",2700,1380,"[284, 0, 0, 0, 0]",2025-07-16 07:00:00,2025-07-17 07:00:00
62622-89L,62622-89D,"Kinder Morgan 125 N. 53rd Ave, Phoenix","62622|2375 South 45th Avenue, Phoenix, AZ|ULSD Clear","33.44854856870365,-112.17782466657957","33.389963, -112.15485",2700,6960,"[1290, 0, 0, 0, 0]",2025-07-16 11:00:00,2025-07-16 21:00:00
64873-90L,64873-90D,"Kinder Morgan 125 N. 53rd Ave, Phoenix","64873|3132 West Lincoln Street, Phoenix, AZ|ULSD Clear","33.44854856870365,-112.17782466657957","33.442728, -112.127457",2700,1020,"[148, 0, 0, 0, 0]",2025-07-16 16:30:00,2025-07-17 16:30:00
124550-91L,124550-91D,"Kinder Morgan 125 N. 53rd Ave, Phoenix","124550|1305 N 27th Ave, Phoenix, AZ|ULSD Clear","33.44854856870365,-112.17782466657957","33.462756, -112.115891",2700,3240,"[446, 0, 0, 0, 0]",2025-07-16 18:00:00,2025-07-17 18:00:00
126300-92L,126300-92D,"Kinder Morgan 125 N. 53rd Ave, Phoenix","126300|4239 South 43rd Place , Phoenix, AZ|ULSD Dyed","33.44854856870365,-112.17782466657957","33.408162, -111.987342",2700,2280,"[0, 68, 0, 0, 0]",2025-07-16 14:30:00,2025-07-17 14:30:00
126863-93L,126863-93D,"Kinder Morgan 125 N. 53rd Ave, Phoenix","126863|6613 West Van Buren Street , Phoenix, AZ|ULSD Dyed","33.44854856870365,-112.17782466657957","33.4515199, -112.2016245",2700,720,"[0, 74, 0, 0, 0]",2025-07-16 08:00:00,2025-07-16 14:00:00
127711-94L,127711-94D,"Kinder Morgan 125 N. 53rd Ave, Phoenix","127711|1475 North McQueen Road, Gilbert, AZ|ULSD Clear","33.44854856870365,-112.17782466657957","33.377188, -111.82434",2700,6480,"[312, 0, 0, 0, 0]",2025-07-16 16:00:00,2025-07-17 16:00:00
129260-95L,129260-95D,"Kinder Morgan 125 N. 53rd Ave, Phoenix","129260|17341 West Minnezona Avenue , Goodyear, AZ|ULSD Clear","33.44854856870365,-112.17782466657957","33.501124, -112.392801",2700,2400,"[295, 0, 0, 0, 0]",2025-07-16 08:00:00,2025-07-16 16:00:00
147501-96L,147501-96D,"Kinder Morgan 125 N. 53rd Ave, Phoenix","147501|13255 West Sweatwater Avenue, Surprise, AZ|ULSD Dyed","33.44854856870365,-112.17782466657957","33.600126, -112.345584",2700,1320,"[0, 128, 0, 0, 0]",2025-07-16 08:00:00,2025-07-16 16:30:00
149762-97L,149762-97D,"Kinder Morgan 125 N. 53rd Ave, Phoenix","149762|NEC 32nd St and McDowell, Mesa, AZ|ULSD Dyed","33.44854856870365,-112.17782466657957","33.455766, -111.760519",2700,1500,"[0, 710, 0, 0, 0]",2025-07-16 12:00:00,2025-07-17 12:00:00
150143-98L,150143-98D,"Kinder Morgan 125 N. 53rd Ave, Phoenix","150143|5818 E Baseline Rd, Mesa, AZ|ULSD Dyed","33.44854856870365,-112.17782466657957","33.379926, -111.706006",2700,840,"[0, 30, 0, 0, 0]",2025-07-16 00:00:00,2025-07-17 00:00:00
150454-99L,150454-99D,"Kinder Morgan 125 N. 53rd Ave, Phoenix","150454|335 E. Pecos Rd, Queen Creek, AZ|ULSD Dyed","33.44854856870365,-112.17782466657957","33.2919446, -111.7827272",2700,480,"[0, 47, 0, 0, 0]",2025-07-16 08:00:00,2025-07-16 16:00:00
159405-100L,159405-100D,"Kinder Morgan 125 N. 53rd Ave, Phoenix","159405|5301 W Bethany Home Road, Phoenix, AZ|ULSD Dyed","33.44854856870365,-112.17782466657957","33.5239097, -112.0857283",2700,360,"[0, 3, 0, 0, 0]",2025-07-16 06:00:00,2025-07-16 11:00:00
162819-101L,162819-101D,"Kinder Morgan 125 N. 53rd Ave, Phoenix","162819|7232 East Elliot Road, Mesa, AZ|ULSD Dyed","33.44854856870365,-112.17782466657957","33.3503435, -111.660641",2700,1920,"[0, 710, 0, 0, 0]",2025-07-16 12:00:00,2025-07-17 12:00:00
170906-102L,170906-102D,"Kinder Morgan 125 N. 53rd Ave, Phoenix","170906|14501 West La Estrella, Goodyear, AZ|DEF","33.44854856870365,-112.17782466657957","33.4101598, -112.3708126",2700,1560,"[0, 0, 0, 0, 0]",2025-07-16 08:00:00,2025-07-16 16:00:00
62483-103L,62483-103D,"Kinder Morgan 125 N. 53rd Ave, Phoenix","62483|515 North 51st Avenue, Phoenix, AZ|DEF","33.44854856870365,-112.17782466657957","33.454461, -112.167345",2700,2760,"[0, 0, 0, 0, 0]",2025-07-16 08:00:00,2025-07-16 16:00:00
81840-104L,81840-104D,"Kinder Morgan 125 N. 53rd Ave, Phoenix","81840|4715 West Buckeye Road, Phoenix, AZ|ULSD Clear","33.44854856870365,-112.17782466657957","33.436107, -112.161449",2700,360,"[23, 0, 0, 0, 0]",2025-07-16 08:00:00,2025-07-16 16:00:00
81840-105L,81840-105D,"Kinder Morgan 125 N. 53rd Ave, Phoenix","81840|4715 West Buckeye Road, Phoenix, AZ|ULSD Clear","33.44854856870365,-112.17782466657957","33.436107, -112.161449",2700,360,"[17, 0, 0, 0, 0]",2025-07-16 08:00:00,2025-07-16 16:00:00
121747-106L,121747-106D,"Kinder Morgan 125 N. 53rd Ave, Phoenix","121747|735 North 19th Avenue, Phoenix, AZ|ULSD Clear","33.44854856870365,-112.17782466657957","33.456956, -112.098899",2700,840,"[133, 0, 0, 0, 0]",2025-07-16 20:30:00,2025-07-17 20:30:00
124548-107L,124548-107D,"Kinder Morgan 125 N. 53rd Ave, Phoenix","124548|2831 North 31st Avenue, Phoenix, AZ|ULSD Clear","33.44854856870365,-112.17782466657957","33.479124, -112.124564",2700,7620,"[362, 0, 0, 0, 0]",2025-07-16 19:00:00,2025-07-17 19:00:00
124557-108L,124557-108D,"Kinder Morgan 125 N. 53rd Ave, Phoenix","124557|2340 West Encanto Boulevard, Phoenix, AZ|ULSD Dyed","33.44854856870365,-112.17782466657957","33.47388, -112.1105999",2700,1020,"[0, 66, 0, 0, 0]",2025-07-16 19:00:00,2025-07-17 19:00:00
125461-109L,125461-109D,"Kinder Morgan 125 N. 53rd Ave, Phoenix","125461|7600 West Roosevelt Street, Phoenix, AZ|ULSD Clear","33.44854856870365,-112.17782466657957","33.4598, -112.2228999",2700,8340,"[53, 0, 0, 0, 0]",2025-07-16 00:00:00,2025-07-17 00:00:00
126045-110L,126045-110D,"Kinder Morgan 125 N. 53rd Ave, Phoenix","126045|21829 North 16th Street , Phoenix, AZ|ULSD Clear","33.44854856870365,-112.17782466657957","33.685421, -112.045223",2700,6120,"[2011, 0, 0, 0, 0]",2025-07-16 18:00:00,2025-07-17 18:00:00
126061-111L,126061-111D,"Kinder Morgan 125 N. 53rd Ave, Phoenix","126061|5250 East Deer Valley Road , Phoenix, AZ|ULSD Dyed","33.44854856870365,-112.17782466657957","33.6877685, -112.043877",2700,1320,"[0, 16, 0, 0, 0]",2025-07-16 05:00:00,2025-07-16 16:00:00
126147-112L,126147-112D,"Kinder Morgan 125 N. 53rd Ave, Phoenix","126147|6805 West Morelos , Chandler, AZ|ULSD Clear","33.44854856870365,-112.17782466657957","33.29173, -111.958584",2700,4080,"[117, 0, 0, 0, 0]",2025-07-16 08:00:00,2025-07-16 16:00:00
126668-113L,126668-113D,"Kinder Morgan 125 N. 53rd Ave, Phoenix","126668|15101 West Peoria Avenue , Waddell, AZ|ULSD Dyed","33.44854856870365,-112.17782466657957","33.5791497, -112.3897107",2700,600,"[0, 11, 0, 0, 0]",2025-07-16 12:00:00,2025-07-17 12:00:00
126889-114L,126889-114D,"Kinder Morgan 125 N. 53rd Ave, Phoenix","126889|3612 South 36th Street , Phoenix, AZ|ULSD Clear","33.44854856870365,-112.17782466657957","33.41392, -112.004794",2700,2160,"[336, 0, 0, 0, 0]",2025-07-16 18:00:00,2025-07-17 18:00:00
142869-115L,142869-115D,"Kinder Morgan 125 N. 53rd Ave, Phoenix","142869|4022 West Broadway Road, Phoenix, AZ|ULSD Clear","33.44854856870365,-112.17782466657957","33.4058261, -112.1454412",2700,4680,"[328, 0, 0, 0, 0]",2025-07-16 12:00:00,2025-07-17 12:00:00
147556-116L,147556-116D,"Kinder Morgan 125 N. 53rd Ave, Phoenix","147556|44167 N Ironwood Rd, Queen Creek, AZ|ULSD Dyed","33.44854856870365,-112.17782466657957","33.2936913, -111.563238",2700,300,"[0, 0, 0, 0, 0]",2025-07-16 07:00:00,2025-07-16 16:00:00
150525-117L,150525-117D,"Kinder Morgan 125 N. 53rd Ave, Phoenix","150525|130 S. 48th St, Phoenix, AZ|ULSD Dyed","33.44854856870365,-112.17782466657957","33.4434567, -111.9784305",2700,780,"[0, 218, 0, 0, 0]",2025-07-16 08:00:00,2025-07-16 16:00:00
154635-118L,154635-118D,"Kinder Morgan 125 N. 53rd Ave, Phoenix","154635|17453 West Bethany Home Road, Glendale, AZ|ULSD Dyed","33.44854856870365,-112.17782466657957","33.522662, -112.442456",2700,1860,"[0, 178, 0, 0, 0]",2025-07-16 12:00:00,2025-07-17 12:00:00
154635-119L,154635-119D,"Kinder Morgan 125 N. 53rd Ave, Phoenix","154635|17453 West Bethany Home Road, Glendale, AZ|ULSD Dyed","33.44854856870365,-112.17782466657957","33.522662, -112.442456",2700,6300,"[0, 2256, 0, 0, 0]",2025-07-16 12:00:00,2025-07-17 12:00:00
172475-120L,172475-120D,"Kinder Morgan 125 N. 53rd Ave, Phoenix","172475|4507 N. 45th Avenue, Phoenix, AZ|ULSD Clear","33.44854856870365,-112.17782466657957","33.501852, -112.157046",2700,8040,"[20, 0, 0, 0, 0]",2025-07-16 16:00:00,2025-07-17 16:00:00
81840-121L,81840-121D,"Kinder Morgan 125 N. 53rd Ave, Phoenix","81840|4715 West Buckeye Road, Phoenix, AZ|ULSD Clear","33.44854856870365,-112.17782466657957","33.436107, -112.161449",2700,180,"[24, 0, 0, 0, 0]",2025-07-16 08:00:00,2025-07-16 16:00:00
124490-122L,124490-122D,"Kinder Morgan 125 N. 53rd Ave, Phoenix","124490|8650 N 75th Ave, Peoria, AZ|ULSD Dyed","33.44854856870365,-112.17782466657957","33.561728, -112.2204663",2700,8340,"[0, 85, 0, 0, 0]",2025-07-16 12:00:00,2025-07-16 15:00:00
124541-123L,124541-123D,"Kinder Morgan 125 N. 53rd Ave, Phoenix","124541|3801 North 33rd Avenue, Phoenix, AZ|ULSD Dyed","33.44854856870365,-112.17782466657957","33.491588, -112.128247",2700,2040,"[0, 10, 0, 0, 0]",2025-07-16 17:00:00,2025-07-16 21:00:00
124543-124L,124543-124D,"Kinder Morgan 125 N. 53rd Ave, Phoenix","124543|4450 North 45th Avenue Penske # 633903, Phoenix, AZ|ULSD Clear","33.44854856870365,-112.17782466657957","33.500165, -112.159167",2700,6060,"[714, 0, 0, 0, 0]",2025-07-16 08:00:00,2025-07-16 16:00:00
124548-125L,124548-125D,"Kinder Morgan 125 N. 53rd Ave, Phoenix","124548|2831 North 31st Avenue, Phoenix, AZ|ULSD Dyed","33.44854856870365,-112.17782466657957","33.479124, -112.124564",2700,5280,"[0, 311, 0, 0, 0]",2025-07-16 19:00:00,2025-07-17 19:00:00
124557-126L,124557-126D,"Kinder Morgan 125 N. 53rd Ave, Phoenix","124557|2340 West Encanto Boulevard, Phoenix, AZ|ULSD Dyed","33.44854856870365,-112.17782466657957","33.47388, -112.1105999",2700,5280,"[0, 55, 0, 0, 0]",2025-07-16 19:00:00,2025-07-17 19:00:00
126025-127L,126025-127D,"Kinder Morgan 125 N. 53rd Ave, Phoenix","126025|8525 N 75th Avenue , Peoria, AZ|ULSD Clear","33.44854856870365,-112.17782466657957","33.560605, -112.218089",2700,7860,"[271, 0, 0, 0, 0]",2025-07-16 08:00:00,2025-07-16 16:00:00
126061-128L,126061-128D,"Kinder Morgan 125 N. 53rd Ave, Phoenix","126061|5250 East Deer Valley Road , Phoenix, AZ|ULSD Clear","33.44854856870365,-112.17782466657957","33.6877685, -112.043877",2700,180,"[17, 0, 0, 0, 0]",2025-07-16 05:00:00,2025-07-16 16:00:00
126632-129L,126632-129D,"Kinder Morgan 125 N. 53rd Ave, Phoenix","126632|3555 South 28th Street , Phoenix, AZ|ULSD Clear","33.44854856870365,-112.17782466657957","33.4139642, -112.0212344",2700,240,"[96, 0, 0, 0, 0]",2025-07-16 00:00:00,2025-07-16 03:00:00
127710-130L,127710-130D,"Kinder Morgan 125 N. 53rd Ave, Phoenix","127710|11243 E Willis Rd, Chandler, AZ|ULSD Clear","33.44854856870365,-112.17782466657957","33.282397, -111.840957",2700,2220,"[460, 0, 0, 0, 0]",2025-07-16 16:00:00,2025-07-17 16:00:00
129523-131L,129523-131D,"Kinder Morgan 125 N. 53rd Ave, Phoenix","129523|2832 South 46th Street, Phoenix, AZ|ULSD Clear","33.44854856870365,-112.17782466657957","33.420034, -111.982926",2700,4680,"[186, 0, 0, 0, 0]",2025-07-16 07:00:00,2025-07-17 07:00:00
129847-132L,129847-132D,"Kinder Morgan 125 N. 53rd Ave, Phoenix","129847|4805 W Jefferson St, Phoenix, AZ|ULSD Clear","33.44854856870365,-112.17782466657957","33.44542, -112.163763",2700,4440,"[257, 0, 0, 0, 0]",2025-07-16 08:00:00,2025-07-16 16:00:00
133961-133L,133961-133D,"Kinder Morgan 125 N. 53rd Ave, Phoenix","133961|3856 S Everton Terrace, Mesa, AZ|ULSD Dyed","33.44854856870365,-112.17782466657957","33.3448055, -111.6189128",2700,1740,"[0, 688, 0, 0, 0]",2025-07-16 12:00:00,2025-07-17 12:00:00
134558-134L,134558-134D,"Kinder Morgan 125 N. 53rd Ave, Phoenix","134558|5550 East Deer Valley Road, Phoenix, AZ|ULSD Dyed","33.44854856870365,-112.17782466657957","33.6877685, -112.043877",2700,1560,"[0, 500, 0, 0, 0]",2025-07-16 12:00:00,2025-07-17 12:00:00
146954-135L,146954-135D,"Kinder Morgan 125 N. 53rd Ave, Phoenix","146954|14130 W Van Buren St, Goodyear, AZ|ULSD Dyed","33.44854856870365,-112.17782466657957","33.45135, -112.363041",2700,780,"[0, 183, 0, 0, 0]",2025-07-16 06:00:00,2025-07-16 14:00:00
150110-136L,150110-136D,"Kinder Morgan 125 N. 53rd Ave, Phoenix","150110|4450 North 42nd Avenue, Phoenix, AZ|ULSD Clear","33.44854856870365,-112.17782466657957","33.5022715, -112.1496565",2700,1440,"[292, 0, 0, 0, 0]",2025-07-16 08:00:00,2025-07-16 16:00:00
152739-137L,152739-137D,"Kinder Morgan 125 N. 53rd Ave, Phoenix","152739|44167 N Ironwood Drive, San Tan Valley, AZ|ULSD Dyed","33.44854856870365,-112.17782466657957","33.2936913, -111.563238",2700,420,"[0, 36, 0, 0, 0]",2025-07-16 08:00:00,2025-07-16 16:00:00
155575-138L,155575-138D,"Kinder Morgan 125 N. 53rd Ave, Phoenix","155575|3105 N Cotton Ln, Goodyear, AZ|ULSD Clear","33.44854856870365,-112.17782466657957","33.4816878, -112.4260381",2700,3360,"[140, 0, 0, 0, 0]",2025-07-16 19:00:00,2025-07-17 19:00:00
62522-139L,62522-139D,"Kinder Morgan 125 N. 53rd Ave, Phoenix","62522|859 South 86th Avenue , Tolleson, AZ|ULSD Clear","33.44854856870365,-112.17782466657957","33.439704, -112.24374",2700,7260,"[283, 0, 0, 0, 0]",2025-07-16 06:00:00,2025-07-16 10:00:00
62632-140L,62632-140D,"Kinder Morgan 125 N. 53rd Ave, Phoenix","62632|3401 West Buckeye Road, Phoenix, AZ|ULSD Clear","33.44854856870365,-112.17782466657957","33.436318, -112.132848",2700,720,"[120, 0, 0, 0, 0]",2025-07-16 15:00:00,2025-07-17 15:00:00
64637-141L,64637-141D,"Kinder Morgan 125 N. 53rd Ave, Phoenix","64637|800 North 75th Avenue, Phoenix, AZ|ULSD Clear","33.44854856870365,-112.17782466657957","33.457006, -112.225363",2700,1680,"[78, 0, 0, 0, 0]",2025-07-16 09:00:00,2025-07-16 11:00:00
81840-142L,81840-142D,"Kinder Morgan 125 N. 53rd Ave, Phoenix","81840|4715 West Buckeye Road, Phoenix, AZ|ULSD Clear","33.44854856870365,-112.17782466657957","33.436107, -112.161449",2700,120,"[25, 0, 0, 0, 0]",2025-07-16 08:00:00,2025-07-16 16:00:00
89351-143L,89351-143D,"Kinder Morgan 125 N. 53rd Ave, Phoenix","89351|3101 W Jackson Street, Phoenix, AZ|ULSD Dyed","33.44854856870365,-112.17782466657957","33.444554, -112.126657",2700,960,"[0, 60, 0, 0, 0]",2025-07-16 15:00:00,2025-07-17 15:00:00
121748-144L,121748-144D,"Kinder Morgan 125 N. 53rd Ave, Phoenix","121748|3045 South 35th Avenue, Phoenix, AZ|ULSD Clear","33.44854856870365,-112.17782466657957","33.419256, -112.133344",2700,2700,"[264, 0, 0, 0, 0]",2025-07-16 19:00:00,2025-07-16 22:00:00
124490-145L,124490-145D,"Kinder Morgan 125 N. 53rd Ave, Phoenix","124490|8650 N 75th Ave, Peoria, AZ|ULSD Dyed","33.44854856870365,-112.17782466657957","33.561728, -112.2204663",2700,4980,"[0, 614, 0, 0, 0]",2025-07-16 12:00:00,2025-07-16 15:00:00
124937-146L,124937-146D,"Kinder Morgan 125 N. 53rd Ave, Phoenix","124937|3450 South 59th Ave, Phoenix, AZ|ULSD Clear","33.44854856870365,-112.17782466657957","33.416202, -112.188777",2700,1140,"[53, 0, 0, 0, 0]",2025-07-16 10:30:00,2025-07-16 16:00:00
124941-147L,124941-147D,"Kinder Morgan 125 N. 53rd Ave, Phoenix","124941|6000 West Van Buren Street, Phoenix, AZ|ULSD Clear","33.44854856870365,-112.17782466657957","33.4534912, -112.1887817",2700,1500,"[75, 0, 0, 0, 0]",2025-07-16 08:00:00,2025-07-16 16:00:00
124944-148L,124944-148D,"Kinder Morgan 125 N. 53rd Ave, Phoenix","124944|615 South 51st Avenue, Phoenix, AZ|ULSD Dyed","33.44854856870365,-112.17782466657957","33.442402, -112.166931",2700,3180,"[0, 142, 0, 0, 0]",2025-07-16 08:00:00,2025-07-16 17:00:00
125463-149L,125463-149D,"Kinder Morgan 125 N. 53rd Ave, Phoenix","125463|7600 West Roosevelt Street, Phoenix, AZ|ULSD Clear","33.44854856870365,-112.17782466657957","33.4598, -112.2228999",2700,8340,"[615, 0, 0, 0, 0]",2025-07-16 17:30:00,2025-07-16 18:00:00
126025-150L,126025-150D,"Kinder Morgan 125 N. 53rd Ave, Phoenix","126025|8525 N 75th Avenue , Peoria, AZ|ULSD Dyed","33.44854856870365,-112.17782466657957","33.560605, -112.218089",2700,10680,"[0, 29, 0, 0, 0]",2025-07-16 08:00:00,2025-07-16 16:00:00
128722-151L,128722-151D,"Kinder Morgan 125 N. 53rd Ave, Phoenix","128722|12912 West Santa Fe Drive , Surprise, AZ|DEF","33.44854856870365,-112.17782466657957","33.6313896, -112.3383046",2700,1500,"[0, 0, 0, 0, 0]",2025-07-16 08:00:00,2025-07-16 16:00:00
128832-152L,128832-152D,"Kinder Morgan 125 N. 53rd Ave, Phoenix","128832|5088 W Innovation Pkwy, Phoenix, AZ|ULSD Dyed","33.44854856870365,-112.17782466657957","33.7759795, -112.1604877",2700,420,"[0, 11, 0, 0, 0]",2025-07-16 12:00:00,2025-07-17 12:00:00
129260-153L,129260-153D,"Kinder Morgan 125 N. 53rd Ave, Phoenix","129260|17341 West Minnezona Avenue , Goodyear, AZ|DEF","33.44854856870365,-112.17782466657957","33.501124, -112.392801",2700,540,"[0, 0, 0, 0, 0]",2025-07-16 08:00:00,2025-07-16 16:00:00
129441-154L,129441-154D,"Kinder Morgan 125 N. 53rd Ave, Phoenix","129441|4500 South Dobson Road , Sun Lakes, AZ|ULSD Dyed","33.44854856870365,-112.17782466657957","33.241512, -111.882407",2700,660,"[0, 44, 0, 0, 0]",2025-07-16 00:00:00,2025-07-17 00:00:00
137302-155L,137302-155D,"Kinder Morgan 125 N. 53rd Ave, Phoenix","137302|2333 North Country Club Drive, Mesa, AZ|ULSD Clear","33.44854856870365,-112.17782466657957","33.457783, -111.838553",2700,2820,"[1375, 0, 0, 0, 0]",2025-07-16 12:00:00,2025-07-17 12:00:00
152632-156L,152632-156D,"Kinder Morgan 125 N. 53rd Ave, Phoenix","152632|8686 E Frank Lloyd Wright Blvd, Scottsdale, AZ|ULSD Dyed","33.44854856870365,-112.17782466657957","33.630813, -111.893128",2700,1320,"[0, 97, 0, 0, 0]",2025-07-16 08:00:00,2025-07-16 16:00:00
62627-157L,62627-157D,"Kinder Morgan 125 N. 53rd Ave, Phoenix","62627|8400 West Sherman Street, Tolleson, AZ|ULSD Clear","33.44854856870365,-112.17782466657957","33.44185, -112.245241",2700,7800,"[548, 0, 0, 0, 0]",2025-07-16 10:30:00,2025-07-16 11:30:00
62632-158L,62632-158D,"Kinder Morgan 125 N. 53rd Ave, Phoenix","62632|3401 West Buckeye Road, Phoenix, AZ|ULSD Clear","33.44854856870365,-112.17782466657957","33.436318, -112.132848",2700,2340,"[398, 0, 0, 0, 0]",2025-07-16 15:00:00,2025-07-17 15:00:00
81840-159L,81840-159D,"Kinder Morgan 125 N. 53rd Ave, Phoenix","81840|4715 West Buckeye Road, Phoenix, AZ|ULSD Clear","33.44854856870365,-112.17782466657957","33.436107, -112.161449",2700,120,"[20, 0, 0, 0, 0]",2025-07-16 08:00:00,2025-07-16 16:00:00
88016-160L,88016-160D,"Kinder Morgan 125 N. 53rd Ave, Phoenix","88016|8400 West Sherman Street, Tolleson, AZ|ULSD Clear","33.44854856870365,-112.17782466657957","33.44185, -112.245241",2700,7800,"[590, 0, 0, 0, 0]",2025-07-16 07:00:00,2025-07-17 07:00:00
124548-161L,124548-161D,"Kinder Morgan 125 N. 53rd Ave, Phoenix","124548|2831 North 31st Avenue, Phoenix, AZ|ULSD Clear","33.44854856870365,-112.17782466657957","33.479124, -112.124564",2700,300,"[24, 0, 0, 0, 0]",2025-07-16 19:00:00,2025-07-17 19:00:00
124557-162L,124557-162D,"Kinder Morgan 125 N. 53rd Ave, Phoenix","124557|2340 West Encanto Boulevard, Phoenix, AZ|ULSD Dyed","33.44854856870365,-112.17782466657957","33.47388, -112.1105999",2700,1020,"[0, 19, 0, 0, 0]",2025-07-16 19:00:00,2025-07-17 19:00:00
124907-163L,124907-163D,"Kinder Morgan 125 N. 53rd Ave, Phoenix","124907|7400 West Buckeye Road, Phoenix, AZ|ULSD Clear","33.44854856870365,-112.17782466657957","33.438126, -112.218645",2700,1920,"[336, 0, 0, 0, 0]",2025-07-16 14:00:00,2025-07-17 14:00:00
125329-164L,125329-164D,"Kinder Morgan 125 N. 53rd Ave, Phoenix","125329|737 West Buchanan Street, Phoenix, AZ|ULSD Clear","33.44854856870365,-112.17782466657957","33.4427843, -112.0838034",2700,2160,"[205, 0, 0, 0, 0]",2025-07-16 18:00:00,2025-07-17 18:00:00
126025-165L,126025-165D,"Kinder Morgan 125 N. 53rd Ave, Phoenix","126025|8525 N 75th Avenue , Peoria, AZ|DEF","33.44854856870365,-112.17782466657957","33.560605, -112.218089",2700,1500,"[0, 0, 0, 0, 0]",2025-07-16 08:00:00,2025-07-16 16:00:00
126836-166L,126836-166D,"Kinder Morgan 125 N. 53rd Ave, Phoenix","126836|3600 North Cotton Lane , Goodyear, AZ|ULSD Dyed","33.44854856870365,-112.17782466657957","33.48835, -112.4274999",2700,420,"[0, 25, 0, 0, 0]",2025-07-16 12:00:00,2025-07-17 12:00:00
129189-167L,129189-167D,"Kinder Morgan 125 N. 53rd Ave, Phoenix","129189|16920 West Commerce Drive , Goodyear, AZ|DEF","33.44854856870365,-112.17782466657957","33.412039, -112.421796",2700,180,"[0, 0, 0, 0, 0]",2025-07-16 10:00:00,2025-07-16 12:00:00
129205-168L,129205-168D,"Kinder Morgan 125 N. 53rd Ave, Phoenix","129205|6395 N Sarival Ave, Litchfield Park, AZ|DEF","33.44854856870365,-112.17782466657957","33.52817, -112.407208",2700,600,"[0, 0, 0, 0, 0]",2025-07-16 08:00:00,2025-07-16 16:00:00
130469-169L,130469-169D,"Kinder Morgan 125 N. 53rd Ave, Phoenix","130469|14250 W El Sol, Goodyear, AZ|ULSD Clear","33.44854856870365,-112.17782466657957","33.4137854, -112.3730374",2700,540,"[282, 0, 0, 0, 0]",2025-07-16 12:00:00,2025-07-17 12:00:00
135664-170L,135664-170D,"Kinder Morgan 125 N. 53rd Ave, Phoenix","135664|4775 E Washington St, Phoenix, AZ|ULSD Dyed","33.44854856870365,-112.17782466657957","33.4468707, -111.9796196",2700,2580,"[0, 17, 0, 0, 0]",2025-07-16 05:30:00,2025-07-16 15:00:00
147601-171L,147601-171D,"Kinder Morgan 125 N. 53rd Ave, Phoenix","147601|8340 E Raintree Dr, Scottsdale, AZ|ULSD Dyed","33.44854856870365,-112.17782466657957","33.619961, -111.900345",2700,600,"[0, 110, 0, 0, 0]",2025-07-16 08:00:00,2025-07-16 15:00:00
152758-172L,152758-172D,"Kinder Morgan 125 N. 53rd Ave, Phoenix","152758|15301 W Northern Ave, Glendale, AZ|ULSD Clear","33.44854856870365,-112.17782466657957","33.5514596, -112.383371",2700,1140,"[157, 0, 0, 0, 0]",2025-07-16 08:00:00,2025-07-16 16:00:00
153954-173L,153954-173D,"Kinder Morgan 125 N. 53rd Ave, Phoenix","153954|12700 W Butler Drive, El Mirage, AZ|ULSD Dyed","33.44854856870365,-112.17782466657957","33.5583329, -112.3319023",2700,3240,"[0, 157, 0, 0, 0]",2025-07-16 12:00:00,2025-07-17 12:00:00
157728-174L,157728-174D,"Kinder Morgan 125 N. 53rd Ave, Phoenix","157728|3856 South Everton Terrace, Mesa, AZ|ULSD Dyed","33.44854856870365,-112.17782466657957","33.3448055, -111.6189128",2700,1440,"[0, 90, 0, 0, 0]",2025-07-16 08:00:00,2025-07-16 16:00:00
60114-175L,60114-175D,"Kinder Morgan 125 N. 53rd Ave, Phoenix","60114|1115 North 47th Avenue, Phoenix, AZ|ULSD Clear","33.44854856870365,-112.17782466657957","33.460794, -112.15883",2700,4020,"[731, 0, 0, 0, 0]",2025-07-16 19:00:00,2025-07-16 21:00:00
81840-176L,81840-176D,"Kinder Morgan 125 N. 53rd Ave, Phoenix","81840|4715 West Buckeye Road, Phoenix, AZ|ULSD Clear","33.44854856870365,-112.17782466657957","33.436107, -112.161449",2700,360,"[45, 0, 0, 0, 0]",2025-07-16 08:00:00,2025-07-16 16:00:00
81840-177L,81840-177D,"Kinder Morgan 125 N. 53rd Ave, Phoenix","81840|4715 West Buckeye Road, Phoenix, AZ|ULSD Clear","33.44854856870365,-112.17782466657957","33.436107, -112.161449",2700,360,"[28, 0, 0, 0, 0]",2025-07-16 08:00:00,2025-07-16 16:00:00
81840-178L,81840-178D,"Kinder Morgan 125 N. 53rd Ave, Phoenix","81840|4715 West Buckeye Road, Phoenix, AZ|ULSD Clear","33.44854856870365,-112.17782466657957","33.436107, -112.161449",2700,180,"[40, 0, 0, 0, 0]",2025-07-16 08:00:00,2025-07-16 16:00:00
81842-179L,81842-179D,"Kinder Morgan 125 N. 53rd Ave, Phoenix","81842|4715 West Buckeye Road, Phoenix, AZ|ULSD Dyed","33.44854856870365,-112.17782466657957","33.436107, -112.161449",2700,900,"[0, 225, 0, 0, 0]",2025-07-16 08:00:00,2025-07-16 16:00:00
124520-180L,124520-180D,"Kinder Morgan 125 N. 53rd Ave, Phoenix","124520|420 South 53rd Avenue Suite 101, Phoenix, AZ|DEF","33.44854856870365,-112.17782466657957","33.442564, -112.173494",2700,900,"[0, 0, 0, 0, 0]",2025-07-16 12:00:00,2025-07-16 16:00:00
124541-181L,124541-181D,"Kinder Morgan 125 N. 53rd Ave, Phoenix","124541|3801 North 33rd Avenue, Phoenix, AZ|ULSD Clear","33.44854856870365,-112.17782466657957","33.491588, -112.128247",2700,5220,"[373, 0, 0, 0, 0]",2025-07-16 17:00:00,2025-07-16 21:00:00
126107-182L,126107-182D,"Kinder Morgan 125 N. 53rd Ave, Phoenix","126107|3749 E Superior Avenue , Phoenix, AZ|ULSD Dyed","33.44854856870365,-112.17782466657957","33.416079, -111.999996",2700,2040,"[0, 669, 0, 0, 0]",2025-07-16 05:00:00,2025-07-16 07:00:00
126228-183L,126228-183D,"Kinder Morgan 125 N. 53rd Ave, Phoenix","126228|402 South 54th Place , Phoenix, AZ|ULSD Clear","33.44854856870365,-112.17782466657957","33.4429001, -111.9662533",2700,5580,"[0, 0, 0, 0, 0]",2025-07-16 00:00:00,2025-07-17 00:00:00
128445-184L,128445-184D,"Kinder Morgan 125 N. 53rd Ave, Phoenix","128445|6711 South Mountain Road , Mesa, AZ|ULSD Dyed","33.44854856870365,-112.17782466657957","33.294004, -111.590826",2700,2940,"[0, 294, 0, 0, 0]",2025-07-16 06:00:00,2025-07-16 10:00:00
129205-185L,129205-185D,"Kinder Morgan 125 N. 53rd Ave, Phoenix","129205|6395 N Sarival Ave, Litchfield Park, AZ|ULSD Clear","33.44854856870365,-112.17782466657957","33.52817, -112.407208",2700,1320,"[110, 0, 0, 0, 0]",2025-07-16 08:00:00,2025-07-16 16:00:00
135511-186L,135511-186D,"Kinder Morgan 125 N. 53rd Ave, Phoenix","135511|2500 W Union Hills Dr, Phoenix, AZ|ULSD Dyed","33.44854856870365,-112.17782466657957","33.6548442, -112.1119259",2700,480,"[0, 36, 0, 0, 0]",2025-07-16 07:00:00,2025-07-16 15:00:00
149786-187L,149786-187D,"Kinder Morgan 125 N. 53rd Ave, Phoenix","149786|44167 North Ironwood , San Tan Valley, AZ|ULSD Dyed","33.44854856870365,-112.17782466657957","33.2936913, -111.563238",2700,2040,"[0, 574, 0, 0, 0]",2025-07-16 12:00:00,2025-07-17 12:00:00
154403-188L,154403-188D,"Kinder Morgan 125 N. 53rd Ave, Phoenix","154403|5862 East Berneil lane, Paradise Valley, AZ|ULSD Dyed","33.44854856870365,-112.17782466657957","33.571147, -111.952856",2700,3540,"[0, 118, 0, 0, 0]",2025-07-16 07:00:00,2025-07-16 12:30:00
158052-189L,158052-189D,"Kinder Morgan 125 N. 53rd Ave, Phoenix","158052|SE Verrado & McDowell, Buckeye, AZ|ULSD Clear","33.44854856870365,-112.17782466657957","33.466268, -112.5013",2700,5340,"[34, 0, 0, 0, 0]",2025-07-16 00:00:00,2025-07-17 00:00:00
158239-190L,158239-190D,"Kinder Morgan 125 N. 53rd Ave, Phoenix","158239|2050 W Guadalupe Rd, Mesa, AZ|ULSD Dyed","33.44854856870365,-112.17782466657957","33.364623, -111.878338",2700,1380,"[0, 155, 0, 0, 0]",2025-07-16 08:00:00,2025-07-16 16:00:00
169851-191L,169851-191D,"Kinder Morgan 125 N. 53rd Ave, Phoenix","169851|831 West Rio Salado, Tempe, AZ|ULSD Dyed","33.44854856870365,-112.17782466657957","33.4307315, -111.9495144",2700,1020,"[0, 20, 0, 0, 0]",2025-07-16 08:00:00,2025-07-16 16:00:00
62623-192L,62623-192D,"Kinder Morgan 125 N. 53rd Ave, Phoenix","62623|750 North 119th Avenue, Avondale, AZ|ULSD Clear","33.44854856870365,-112.17782466657957","33.456581, -112.317345",2700,6480,"[961, 0, 0, 0, 0]",2025-07-16 04:00:00,2025-07-16 06:00:00
62627-193L,62627-193D,"Kinder Morgan 125 N. 53rd Ave, Phoenix","62627|8400 West Sherman Street, Tolleson, AZ|ULSD Clear","33.44854856870365,-112.17782466657957","33.44185, -112.245241",2700,7800,"[525, 0, 0, 0, 0]",2025-07-16 10:30:00,2025-07-16 11:30:00
62852-194L,62852-194D,"Kinder Morgan 125 N. 53rd Ave, Phoenix","62852|211 South 49th Ave, Phoenix, AZ|ULSD Clear","33.44854856870365,-112.17782466657957","33.446077, -112.165334",2700,6480,"[922, 0, 0, 0, 0]",2025-07-16 18:00:00,2025-07-16 22:00:00
121747-195L,121747-195D,"Kinder Morgan 125 N. 53rd Ave, Phoenix","121747|735 North 19th Avenue, Phoenix, AZ|ULSD Clear","33.44854856870365,-112.17782466657957","33.456956, -112.098899",2700,1440,"[217, 0, 0, 0, 0]",2025-07-16 20:30:00,2025-07-17 20:30:00
124520-196L,124520-196D,"Kinder Morgan 125 N. 53rd Ave, Phoenix","124520|420 South 53rd Avenue Suite 101, Phoenix, AZ|ULSD Clear","33.44854856870365,-112.17782466657957","33.442564, -112.173494",2700,6420,"[351, 0, 0, 0, 0]",2025-07-16 12:00:00,2025-07-16 16:00:00
124942-197L,124942-197D,"Kinder Morgan 125 N. 53rd Ave, Phoenix","124942|8181 West Roosevelt Street, Phoenix, AZ|ULSD Clear","33.44854856870365,-112.17782466657957","33.457715, -112.233126",2700,2760,"[270, 0, 0, 0, 0]",2025-07-16 06:00:00,2025-07-16 17:00:00
126147-198L,126147-198D,"Kinder Morgan 125 N. 53rd Ave, Phoenix","126147|6805 West Morelos , Chandler, AZ|ULSD Dyed","33.44854856870365,-112.17782466657957","33.29173, -111.958584",2700,3960,"[0, 159, 0, 0, 0]",2025-07-16 08:00:00,2025-07-16 16:00:00
126227-199L,126227-199D,"Kinder Morgan 125 N. 53rd Ave, Phoenix","126227|3910 East Wier Avenue , Phoenix, AZ|ULSD Clear","33.44854856870365,-112.17782466657957","33.40426, -111.997068",2700,1500,"[30, 0, 0, 0, 0]",2025-07-16 17:00:00,2025-07-17 17:00:00
126633-200L,126633-200D,"Kinder Morgan 125 N. 53rd Ave, Phoenix","126633|18616 South Lindsey Road , Gilbert, AZ|ULSD Clear","33.44854856870365,-112.17782466657957","33.279572, -111.774229",2700,1020,"[175, 0, 0, 0, 0]",2025-07-16 14:30:00,2025-07-17 14:30:00
129195-201L,129195-201D,"Kinder Morgan 125 N. 53rd Ave, Phoenix","129195|3333 South 59th Avenue , Phoenix, AZ|ULSD Clear","33.44854856870365,-112.17782466657957","33.417057, -112.184309",2700,1320,"[71, 0, 0, 0, 0]",2025-07-16 12:00:00,2025-07-17 12:00:00
143056-202L,143056-202D,"Kinder Morgan 125 N. 53rd Ave, Phoenix","143056|5100 E Roosevelt S, Phoenix, AZ|ULSD Dyed","33.44854856870365,-112.17782466657957","33.456675, -111.9731571",2700,3360,"[0, 421, 0, 0, 0]",2025-07-16 12:00:00,2025-07-17 12:00:00
160486-203L,160486-203D,"Kinder Morgan 125 N. 53rd Ave, Phoenix","160486|Sundt 202, Gilbert, AZ|ULSD Dyed","33.44854856870365,-112.17782466657957","33.353657, -111.79007",2700,19020,"[0, 737, 0, 0, 0]",2025-07-16 00:00:00,2025-07-17 00:00:00
161552-204L,161552-204D,"Kinder Morgan 125 N. 53rd Ave, Phoenix","161552|5088 West Innovation Pkwy, Phoenix, AZ|ULSD Dyed","33.44854856870365,-112.17782466657957","33.7759795, -112.1604877",2700,5880,"[0, 1023, 0, 0, 0]",2025-07-16 12:00:00,2025-07-17 12:00:00
172521-205L,172521-205D,"Kinder Morgan 125 N. 53rd Ave, Phoenix","172521|1750 West Thunderbird Rd, Phoenix, AZ|ULSD Dyed","33.44854856870365,-112.17782466657957","33.61276, -112.096994",2700,960,"[0, 32, 0, 0, 0]",2025-07-16 08:00:00,2025-07-16 16:00:00
172653-206L,172653-206D,"Kinder Morgan 125 N. 53rd Ave, Phoenix","172653|971 N Gilbert Rd, Gilbert, AZ|ULSD Dyed","33.44854856870365,-112.17782466657957","33.367186, -111.788765",2700,1800,"[0, 640, 0, 0, 0]",2025-07-16 08:00:00,2025-07-16 16:00:00
63071-207L,63071-207D,"Kinder Morgan 125 N. 53rd Ave, Phoenix","63071|7400 West Buckeye Road, Phoenix, AZ|ULSD Dyed","33.44854856870365,-112.17782466657957","33.438126, -112.218645",2700,1020,"[0, 55, 0, 0, 0]",2025-07-16 02:00:00,2025-07-16 10:00:00
65545-208L,65545-208D,"Kinder Morgan 125 N. 53rd Ave, Phoenix","65545|5001 West Watkins Street, Phoenix, AZ|ULSD Clear","33.44854856870365,-112.17782466657957","33.425376, -112.167648",2700,2580,"[328, 0, 0, 0, 0]",2025-07-16 18:00:00,2025-07-17 18:00:00
124547-209L,124547-209D,"Kinder Morgan 125 N. 53rd Ave, Phoenix","124547|3601 North 34th Avenue, Phoenix, AZ|ULSD Clear","33.44854856870365,-112.17782466657957","33.4892588, -112.1299958",2700,1320,"[365, 0, 0, 0, 0]",2025-07-16 12:00:00,2025-07-17 12:00:00
124557-210L,124557-210D,"Kinder Morgan 125 N. 53rd Ave, Phoenix","124557|2340 West Encanto Boulevard, Phoenix, AZ|ULSD Clear","33.44854856870365,-112.17782466657957","33.47388, -112.1105999",2700,7620,"[679, 0, 0, 0, 0]",2025-07-16 19:00:00,2025-07-17 19:00:00
126106-211L,126106-211D,"Kinder Morgan 125 N. 53rd Ave, Phoenix","126106|7831 N 67th Ave, Glendale, AZ|ULSD Clear","33.44854856870365,-112.17782466657957","33.5515337, -112.2026333",2700,1800,"[181, 0, 0, 0, 0]",2025-07-16 17:00:00,2025-07-17 17:00:00
126228-212L,126228-212D,"Kinder Morgan 125 N. 53rd Ave, Phoenix","126228|402 South 54th Place , Phoenix, AZ|ULSD Clear","33.44854856870365,-112.17782466657957","33.4429001, -111.9662533",2700,5580,"[960, 0, 0, 0, 0]",2025-07-16 00:00:00,2025-07-17 00:00:00
126506-213L,126506-213D,"Kinder Morgan 125 N. 53rd Ave, Phoenix","126506|2075 West Obispo Avenue #101 , Gilbert, AZ|ULSD Dyed","33.44854856870365,-112.17782466657957","33.362187, -111.834039",2700,2820,"[0, 102, 0, 0, 0]",2025-07-16 15:00:00,2025-07-17 15:00:00
127131-214L,127131-214D,"Kinder Morgan 125 N. 53rd Ave, Phoenix","127131|17505 West Thomas Road , Goodyear, AZ|DEF","33.44854856870365,-112.17782466657957","33.4791109, -112.4604723",2700,1200,"[0, 0, 0, 0, 0]",2025-07-16 08:00:00,2025-07-16 16:00:00
127712-215L,127712-215D,"Kinder Morgan 125 N. 53rd Ave, Phoenix","127712|411 West Orion Street, Tempe, AZ|ULSD Clear","33.44854856870365,-112.17782466657957","33.36495, -111.944366",2700,5100,"[380, 0, 0, 0, 0]",2025-07-16 17:00:00,2025-07-17 17:00:00
128138-216L,128138-216D,"Kinder Morgan 125 N. 53rd Ave, Phoenix","128138|890 South 143rd Avenue , Goodyear, AZ|ULSD Clear","33.44854856870365,-112.17782466657957","33.438533, -112.370686",2700,1320,"[79, 0, 0, 0, 0]",2025-07-16 12:00:00,2025-07-17 12:00:00
128722-217L,128722-217D,"Kinder Morgan 125 N. 53rd Ave, Phoenix","128722|12912 West Santa Fe Drive , Surprise, AZ|ULSD Clear","33.44854856870365,-112.17782466657957","33.6313896, -112.3383046",2700,3780,"[726, 0, 0, 0, 0]",2025-07-16 08:00:00,2025-07-16 16:00:00
145024-218L,145024-218D,"Kinder Morgan 125 N. 53rd Ave, Phoenix","145024|2900 W Innovation St, Chandler, AZ|ULSD Dyed","33.44854856870365,-112.17782466657957","33.267207, -111.8882177",2700,600,"[0, 60, 0, 0, 0]",2025-07-16 06:00:00,2025-07-16 14:00:00
149442-219L,149442-219D,"Kinder Morgan 125 N. 53rd Ave, Phoenix","149442|14250 W El Sol, Goodyear, AZ|ULSD Dyed","33.44854856870365,-112.17782466657957","33.4137854, -112.3730374",2700,1680,"[0, 220, 0, 0, 0]",2025-07-16 12:00:00,2025-07-17 12:00:00
149442-220L,149442-220D,"Kinder Morgan 125 N. 53rd Ave, Phoenix","149442|14250 W El Sol, Goodyear, AZ|ULSD Clear","33.44854856870365,-112.17782466657957","33.4137854, -112.3730374",2700,420,"[195, 0, 0, 0, 0]",2025-07-16 12:00:00,2025-07-17 12:00:00
158360-221L,158360-221D,"Kinder Morgan 125 N. 53rd Ave, Phoenix","158360|601 North Central Avenue, Phoenix, AZ|ULSD Dyed","33.44854856870365,-112.17782466657957","33.4546382, -112.0735104",2700,3780,"[0, 127, 0, 0, 0]",2025-07-16 05:00:00,2025-07-16 17:00:00
158382-222L,158382-222D,"Kinder Morgan 125 N. 53rd Ave, Phoenix","158382|1431 North Recker Rd, Gilbert, AZ|ULSD Clear","33.44854856870365,-112.17782466657957","33.3763745, -111.7043554",2700,540,"[155, 0, 0, 0, 0]",2025-07-16 00:00:00,2025-07-17 00:00:00
159952-223L,159952-223D,"Kinder Morgan 125 N. 53rd Ave, Phoenix","159952|5757 Lower Buckeye Road, Phoenix, AZ|DEF","33.44854856870365,-112.17782466657957","33.420339, -112.184674",2700,780,"[0, 0, 0, 0, 0]",2025-07-16 15:00:00,2025-07-16 20:00:00
170914-224L,170914-224D,"Kinder Morgan 125 N. 53rd Ave, Phoenix","170914|1325 S. Signal Butte Road , Mesa, AZ|ULSD Dyed","33.44854856870365,-112.17782466657957","33.392832, -111.5979173",2700,2580,"[0, 387, 0, 0, 0]",2025-07-16 08:00:00,2025-07-16 16:00:00
62622-225L,62622-225D,"Kinder Morgan 125 N. 53rd Ave, Phoenix","62622|2375 South 45th Avenue, Phoenix, AZ|ULSD Dyed","33.44854856870365,-112.17782466657957","33.389963, -112.15485",2700,6840,"[0, 36, 0, 0, 0]",2025-07-16 11:00:00,2025-07-16 21:00:00
124548-226L,124548-226D,"Kinder Morgan 125 N. 53rd Ave, Phoenix","124548|2831 North 31st Avenue, Phoenix, AZ|ULSD Dyed","33.44854856870365,-112.17782466657957","33.479124, -112.124564",2700,1020,"[0, 72, 0, 0, 0]",2025-07-16 19:00:00,2025-07-17 19:00:00
124909-227L,124909-227D,"Kinder Morgan 125 N. 53rd Ave, Phoenix","124909|901 South 12th Street, Phoenix, AZ|ULSD Clear","33.44854856870365,-112.17782466657957","33.4388611, -112.055628",2700,1080,"[162, 0, 0, 0, 0]",2025-07-16 21:00:00,2025-07-17 21:00:00
124910-228L,124910-228D,"Kinder Morgan 125 N. 53rd Ave, Phoenix","124910|7600 West Roosevelt Street, Phoenix, AZ|ULSD Clear","33.44854856870365,-112.17782466657957","33.4598, -112.2228999",2700,8340,"[250, 0, 0, 0, 0]",2025-07-16 07:00:00,2025-07-17 07:00:00
126017-229L,126017-229D,"Kinder Morgan 125 N. 53rd Ave, Phoenix","126017|202 South 30th Street , Phoenix, AZ|ULSD Clear","33.44854856870365,-112.17782466657957","33.4456442, -112.0177775",2700,6240,"[562, 0, 0, 0, 0]",2025-07-16 14:00:00,2025-07-16 22:00:00
126107-230L,126107-230D,"Kinder Morgan 125 N. 53rd Ave, Phoenix","126107|3749 E Superior Avenue , Phoenix, AZ|ULSD Clear","33.44854856870365,-112.17782466657957","33.416079, -111.999996",2700,3780,"[300, 0, 0, 0, 0]",2025-07-16 05:00:00,2025-07-16 07:00:00
126997-231L,126997-231D,"Kinder Morgan 125 N. 53rd Ave, Phoenix","126997|245 South Nina Drive , Mesa, AZ|ULSD Dyed","33.44854856870365,-112.17782466657957","33.4106566, -111.8505337",2700,2220,"[0, 23, 0, 0, 0]",2025-07-16 08:00:00,2025-07-16 16:00:00
127255-232L,127255-232D,"Kinder Morgan 125 N. 53rd Ave, Phoenix","127255|4500 South Dobson Road , Sun Lakes, AZ|ULSD Dyed","33.44854856870365,-112.17782466657957","33.241512, -111.882407",2700,300,"[0, 14, 0, 0, 0]",2025-07-16 04:30:00,2025-07-16 16:00:00
138237-233L,138237-233D,"Kinder Morgan 125 N. 53rd Ave, Phoenix","138237|2500 W UNION HILLS DR, Phoenix, AZ|ULSD Dyed","33.44854856870365,-112.17782466657957","33.6548442, -112.1119259",2700,1140,"[0, 29, 0, 0, 0]",2025-07-16 12:00:00,2025-07-17 12:00:00
160440-234L,160440-234D,"Kinder Morgan 125 N. 53rd Ave, Phoenix","160440|5100 West Carefree Hwy, Phoenix, AZ|ULSD Dyed","33.44854856870365,-112.17782466657957","33.7983425, -112.1676814",2700,660,"[0, 14, 0, 0, 0]",2025-07-16 08:00:00,2025-07-16 16:00:00
163108-235L,163108-235D,"Kinder Morgan 125 N. 53rd Ave, Phoenix","163108|10725 N 91st Ave, Peoria, AZ|ULSD Dyed","33.44854856870365,-112.17782466657957","33.5826859, -112.2549871",2700,300,"[0, 20, 0, 0, 0]",2025-07-16 08:00:00,2025-07-16 16:00:00
172781-236L,172781-236D,"Kinder Morgan 125 N. 53rd Ave, Phoenix","172781|2934 N 97th Ave, Phoenix, AZ|ULSD Dyed","33.44854856870365,-112.17782466657957","33.4195636, -112.268496",2700,300,"[0, 32, 0, 0, 0]",2025-07-16 00:00:00,2025-07-17 00:00:00
62618-237L,62618-237D,"Kinder Morgan 125 N. 53rd Ave, Phoenix","62618|3918 West Lincoln Street, Phoenix, AZ|ULSD Clear","33.44854856870365,-112.17782466657957","33.443439, -112.143965",2700,1980,"[413, 0, 0, 0, 0]",2025-07-16 19:00:00,2025-07-17 19:00:00
81840-238L,81840-238D,"Kinder Morgan 125 N. 53rd Ave, Phoenix","81840|4715 West Buckeye Road, Phoenix, AZ|ULSD Clear","33.44854856870365,-112.17782466657957","33.436107, -112.161449",2700,600,"[30, 0, 0, 0, 0]",2025-07-16 08:00:00,2025-07-16 16:00:00
81840-239L,81840-239D,"Kinder Morgan 125 N. 53rd Ave, Phoenix","81840|4715 West Buckeye Road, Phoenix, AZ|ULSD Clear","33.44854856870365,-112.17782466657957","33.436107, -112.161449",2700,180,"[16, 0, 0, 0, 0]",2025-07-16 08:00:00,2025-07-16 16:00:00
81840-240L,81840-240D,"Kinder Morgan 125 N. 53rd Ave, Phoenix","81840|4715 West Buckeye Road, Phoenix, AZ|ULSD Clear","33.44854856870365,-112.17782466657957","33.436107, -112.161449",2700,300,"[35, 0, 0, 0, 0]",2025-07-16 08:00:00,2025-07-16 16:00:00
124548-241L,124548-241D,"Kinder Morgan 125 N. 53rd Ave, Phoenix","124548|2831 North 31st Avenue, Phoenix, AZ|ULSD Dyed","33.44854856870365,-112.17782466657957","33.479124, -112.124564",2700,5280,"[0, 96, 0, 0, 0]",2025-07-16 19:00:00,2025-07-17 19:00:00
126264-242L,126264-242D,"Kinder Morgan 125 N. 53rd Ave, Phoenix","126264|849 West 24th Street , Tempe, AZ|ULSD Clear","33.44854856870365,-112.17782466657957","33.402347, -111.9513",2700,4620,"[380, 0, 0, 0, 0]",2025-07-16 21:00:00,2025-07-17 21:00:00
142385-243L,142385-243D,"Kinder Morgan 125 N. 53rd Ave, Phoenix","142385|14250 West El Sol, Goodyear, AZ|ULSD Dyed","33.44854856870365,-112.17782466657957","33.4137854, -112.3730374",2700,2160,"[0, 1067, 0, 0, 0]",2025-07-16 12:00:00,2025-07-17 12:00:00
149971-244L,149971-244D,"Kinder Morgan 125 N. 53rd Ave, Phoenix","149971|4780 North Cotton Lane, Goodyear, AZ|ULSD Clear","33.44854856870365,-112.17782466657957","33.502528, -112.430981",2700,1200,"[56, 0, 0, 0, 0]",2025-07-16 08:00:00,2025-07-16 16:00:00
152646-245L,152646-245D,"Kinder Morgan 125 N. 53rd Ave, Phoenix","152646|5088 W Innovation Cir, Phoenix, AZ|ULSD Clear","33.44854856870365,-112.17782466657957","33.7759795, -112.1604877",2700,480,"[27, 0, 0, 0, 0]",2025-07-16 08:00:00,2025-07-16 16:00:00
158720-246L,158720-246D,"Kinder Morgan 125 N. 53rd Ave, Phoenix","158720|335 E Pecos Road, San Tan Valley, AZ|ULSD Dyed","33.44854856870365,-112.17782466657957","33.293379, -111.567631",2700,660,"[0, 192, 0, 0, 0]",2025-07-16 12:00:00,2025-07-17 12:00:00
160328-247L,160328-247D,"Kinder Morgan 125 N. 53rd Ave, Phoenix","160328|335 E Pecos Road, San Tan Valley, AZ|ULSD Dyed","33.44854856870365,-112.17782466657957","33.293379, -111.567631",2700,480,"[0, 238, 0, 0, 0]",2025-07-16 00:00:00,2025-07-17 00:00:00
161839-248L,161839-248D,"Kinder Morgan 125 N. 53rd Ave, Phoenix","161839|1500 N McClintock Drive, Tempe, AZ|ULSD Dyed","33.44854856870365,-112.17782466657957","33.4456915, -111.9119056",2700,1080,"[0, 43, 0, 0, 0]",2025-07-16 08:00:00,2025-07-16 16:00:00
171220-249L,171220-249D,"Kinder Morgan 125 N. 53rd Ave, Phoenix","171220|23636 N 7TH ST, Phoenix, AZ|ULSD Dyed","33.44854856870365,-112.17782466657957","33.70039, -112.0671999",2700,2160,"[0, 253, 0, 0, 0]",2025-07-16 08:00:00,2025-07-16 16:00:00
173354-250L,173354-250D,"Kinder Morgan 125 N. 53rd Ave, Phoenix","173354|2551 w Sonoran Desert Dr, Phoenix, AZ|ULSD Dyed","33.44854856870365,-112.17782466657957","33.7691528, -112.1172337",2700,1140,"[0, 40, 0, 0, 0]",2025-07-16 08:00:00,2025-07-16 16:00:00
172208-251L,172208-251D,"Kinder Morgan 125 N. 53rd Ave, Phoenix","172208|NEC 199th Ave & McDowell, Phoenix, AZ|ULSD Clear","33.44854856870365,-112.17782466657957","33.465732, -112.073819",2700,7200,"[42, 0, 0, 0, 0]",2025-07-16 08:00:00,2025-07-16 16:00:00
172208-252L,172208-252D,"Kinder Morgan 125 N. 53rd Ave, Phoenix","172208|NEC 199th Ave & McDowell, Phoenix, AZ|ULSD Dyed","33.44854856870365,-112.17782466657957","33.465732, -112.073819",2700,7080,"[0, 122, 0, 0, 0]",2025-07-16 08:00:00,2025-07-16 16:00:00
172329-253L,172329-253D,"Kinder Morgan 125 N. 53rd Ave, Phoenix","172329|2217 W Glendale Ave, Phoenix, AZ|ULSD Dyed","33.44854856870365,-112.17782466657957","33.536738, -112.106059",2700,1740,"[0, 20, 0, 0, 0]",2025-07-16 08:00:00,2025-07-16 16:00:00
155577-254L,155577-254D,"Kinder Morgan 125 N. 53rd Ave, Phoenix","155577|4242 E Raymond St, Phoenix, AZ|ULSD Clear","33.44854856870365,-112.17782466657957","33.413773, -111.990348",2700,1740,"[81, 0, 0, 0, 0]",2025-07-16 19:00:00,2025-07-17 19:00:00
155577-255L,155577-255D,"Kinder Morgan 125 N. 53rd Ave, Phoenix","155577|4242 E Raymond St, Phoenix, AZ|ULSD Clear","33.44854856870365,-112.17782466657957","33.413773, -111.990348",2700,3660,"[658, 0, 0, 0, 0]",2025-07-16 19:00:00,2025-07-17 19:00:00
160860-256L,160860-256D,"Kinder Morgan 125 N. 53rd Ave, Phoenix","160860|852 E Euclid Ave, Phoenix, AZ|ULSD Dyed","33.44854856870365,-112.17782466657957","33.3670208, -112.062397",2700,2220,"[0, 24, 0, 0, 0]",2025-07-16 08:00:00,2025-07-16 16:00:00
171842-257L,171842-257D,"Kinder Morgan 125 N. 53rd Ave, Phoenix","171842|150 W Washington St, Phoenix, AZ|ULSD Dyed","33.44854856870365,-112.17782466657957","33.4483169, -112.0764899",2700,4140,"[0, 350, 0, 0, 0]",2025-07-16 12:00:00,2025-07-17 12:00:00
172515-258L,172515-258D,"Kinder Morgan 125 N. 53rd Ave, Phoenix","172515|19000 N 66th St, Phoenix, AZ|ULSD Dyed","33.44854856870365,-112.17782466657957","33.636057, -111.938516",2700,2040,"[0, 39, 0, 0, 0]",2025-07-16 08:00:00,2025-07-16 16:00:00
170817-259L,170817-259D,"Kinder Morgan 125 N. 53rd Ave, Phoenix","170817|801 S 16th St, Phoenix, AZ|ULSD Dyed","33.44854856870365,-112.17782466657957","33.441863, -112.047375",2700,1620,"[0, 41, 0, 0, 0]",2025-07-16 08:00:00,2025-07-16 16:00:00
172475-260L,172475-260D,"Kinder Morgan 125 N. 53rd Ave, Phoenix","172475|4507 N. 45th Avenue, Phoenix, AZ|ULSD Dyed","33.44854856870365,-112.17782466657957","33.501852, -112.157046",2700,8040,"[0, 514, 0, 0, 0]",2025-07-16 16:00:00,2025-07-17 16:00:00
173030-261L,173030-261D,"Kinder Morgan 125 N. 53rd Ave, Phoenix","173030|17408 W Camelback Rd, Litchfield Park, AZ|ULSD Dyed","33.44854856870365,-112.17782466657957","33.50824, -112.4466514",2700,7020,"[0, 1338, 0, 0, 0]",2025-07-16 12:00:00,2025-07-17 12:00:00
154760-262L,154760-262D,"Kinder Morgan 125 N. 53rd Ave, Phoenix","154760|8807 E Warner Rd, Mesa, AZ|ULSD Dyed","33.44854856870365,-112.17782466657957","33.335837, -111.65612",2700,840,"[0, 325, 0, 0, 0]",2025-07-16 12:00:00,2025-07-17 12:00:00
157500-263L,157500-263D,"Kinder Morgan 125 N. 53rd Ave, Phoenix","157500|163rd Ave & W. Planada Lane, Surprise, AZ|ULSD Dyed","33.44854856870365,-112.17782466657957","33.694937, -112.401683",2700,2340,"[0, 98, 0, 0, 0]",2025-07-16 00:00:00,2025-07-17 00:00:00
160738-264L,160738-264D,"Kinder Morgan 125 N. 53rd Ave, Phoenix","160738|3150 S La Cometa, Goodyear, AZ|ULSD Dyed","33.44854856870365,-112.17782466657957","33.4151617, -112.3704762",2700,1560,"[0, 376, 0, 0, 0]",2025-07-16 12:00:00,2025-07-17 12:00:00
166613-265L,166613-265D,"Kinder Morgan 125 N. 53rd Ave, Phoenix","166613|2401 West 1st Street, Tempe, AZ|ULSD Clear","33.44854856870365,-112.17782466657957","33.4280505, -111.9752808",2700,3720,"[178, 0, 0, 0, 0]",2025-07-16 20:00:00,2025-07-17 20:00:00
172123-266L,172123-266D,"Kinder Morgan 125 N. 53rd Ave, Phoenix","172123|3115 N. Higley Rd, Mesa, AZ|ULSD Dyed","33.44854856870365,-112.17782466657957","33.4718768, -111.7183282",2700,4080,"[0, 759, 0, 0, 0]",2025-07-16 00:00:00,2025-07-17 00:00:00
159583-267L,159583-267D,"Kinder Morgan 125 N. 53rd Ave, Phoenix","159583|5353 E City North Dr , Phoenix, AZ|ULSD Dyed","33.44854856870365,-112.17782466657957","33.6760344, -111.9694574",2700,2340,"[0, 210, 0, 0, 0]",2025-07-16 08:00:00,2025-07-16 16:00:00
161973-268L,161973-268D,"Kinder Morgan 125 N. 53rd Ave, Phoenix","161973|5740 W Baseline , Laveen, AZ|ULSD Clear","33.44854856870365,-112.17782466657957","33.378309, -112.183636",2700,5040,"[17, 0, 0, 0, 0]",2025-07-16 18:00:00,2025-07-17 18:00:00
172328-269L,172328-269D,"Kinder Morgan 125 N. 53rd Ave, Phoenix","172328|3625 W. Cactus Rd, Phoenix, AZ|ULSD Dyed","33.44854856870365,-112.17782466657957","33.595808, -112.136593",2700,1560,"[0, 23, 0, 0, 0]",2025-07-16 08:00:00,2025-07-16 16:00:00
61350-270L,61350-270D,"Kinder Morgan 125 N. 53rd Ave, Phoenix","61350|5333 West Lower Buckeye Road, Phoenix, AZ|ULSD Clear","33.44854856870365,-112.17782466657957","33.4213134, -112.1760875",2700,960,"[76, 0, 0, 0, 0]",2025-07-16 08:00:00,2025-07-16 10:00:00
121746-271L,121746-271D,"Kinder Morgan 125 N. 53rd Ave, Phoenix","121746|301 North 45th Avenue, Phoenix, AZ|ULSD Clear","33.44854856870365,-112.17782466657957","33.45199, -112.1548",2700,5400,"[647, 0, 0, 0, 0]",2025-07-16 17:00:00,2025-07-16 20:00:00
124543-272L,124543-272D,"Kinder Morgan 125 N. 53rd Ave, Phoenix","124543|4450 North 45th Avenue Penske # 633903, Phoenix, AZ|ULSD Dyed","33.44854856870365,-112.17782466657957","33.500165, -112.159167",2700,6000,"[0, 325, 0, 0, 0]",2025-07-16 08:00:00,2025-07-16 16:00:00
124561-273L,124561-273D,"Kinder Morgan 125 N. 53rd Ave, Phoenix","124561|4342 North 38th Drive, Phoenix, AZ|ULSD Clear","33.44854856870365,-112.17782466657957","33.4993526, -112.1407683",2700,2280,"[350, 0, 0, 0, 0]",2025-07-16 18:00:00,2025-07-17 18:00:00
125454-274L,125454-274D,"Kinder Morgan 125 N. 53rd Ave, Phoenix","125454|7600 West Roosevelt Street, Phoenix, AZ|ULSD Clear","33.44854856870365,-112.17782466657957","33.4598, -112.2228999",2700,8340,"[410, 0, 0, 0, 0]",2025-07-16 12:00:00,2025-07-17 12:00:00
125948-275L,125948-275D,"Kinder Morgan 125 N. 53rd Ave, Phoenix","125948|7612 North 74th Avenue , Glendale, AZ|ULSD Clear","33.44854856870365,-112.17782466657957","33.5480303, -112.219023",2700,2760,"[434, 0, 0, 0, 0]",2025-07-16 19:00:00,2025-07-17 19:00:00
126025-276L,126025-276D,"Kinder Morgan 125 N. 53rd Ave, Phoenix","126025|8525 N 75th Avenue , Peoria, AZ|ULSD Clear","33.44854856870365,-112.17782466657957","33.560605, -112.218089",2700,7860,"[585, 0, 0, 0, 0]",2025-07-16 08:00:00,2025-07-16 16:00:00
128695-277L,128695-277D,"Kinder Morgan 125 N. 53rd Ave, Phoenix","128695|8534 North 132nd Drive, El Mirage, AZ|ULSD Clear","33.44854856870365,-112.17782466657957","33.559557, -112.345455",2700,3480,"[985, 0, 0, 0, 0]",2025-07-16 18:30:00,2025-07-17 18:30:00
129200-278L,129200-278D,"Kinder Morgan 125 N. 53rd Ave, Phoenix","129200|580 S 143rd Ave, Goodyear, AZ|DEF","33.44854856870365,-112.17782466657957","33.441249, -112.372212",2700,300,"[0, 0, 0, 0, 0]",2025-07-16 08:00:00,2025-07-16 16:00:00
129523-279L,129523-279D,"Kinder Morgan 125 N. 53rd Ave, Phoenix","129523|2832 South 46th Street, Phoenix, AZ|ULSD Dyed","33.44854856870365,-112.17782466657957","33.420034, -111.982926",2700,4620,"[0, 36, 0, 0, 0]",2025-07-16 07:00:00,2025-07-17 07:00:00
129856-280L,129856-280D,"Kinder Morgan 125 N. 53rd Ave, Phoenix","129856|8560 E Elliot Rd, Mesa, AZ|ULSD Clear","33.44854856870365,-112.17782466657957","33.352171, -111.648852",2700,600,"[55, 0, 0, 0, 0]",2025-07-16 12:00:00,2025-07-17 12:00:00
130101-281L,130101-281D,"Kinder Morgan 125 N. 53rd Ave, Phoenix","130101|2700 W Camelback Rd, Phoenix, AZ|ULSD Dyed","33.44854856870365,-112.17782466657957","33.5094978, -112.1169796",2700,3600,"[0, 201, 0, 0, 0]",2025-07-16 12:00:00,2025-07-17 12:00:00
147556-282L,147556-282D,"Kinder Morgan 125 N. 53rd Ave, Phoenix","147556|44167 N Ironwood Rd, Queen Creek, AZ|ULSD Dyed","33.44854856870365,-112.17782466657957","33.2936913, -111.563238",2700,5280,"[0, 1596, 0, 0, 0]",2025-07-16 07:00:00,2025-07-16 16:00:00
148149-283L,148149-283D,"Kinder Morgan 125 N. 53rd Ave, Phoenix","148149|1200 N 40th St , Phoenix, AZ|ULSD Dyed","33.44854856870365,-112.17782466657957","33.4622802, -111.9987792",2700,420,"[0, 421, 0, 0, 0]",2025-07-16 08:00:00,2025-07-16 16:00:00
152758-284L,152758-284D,"Kinder Morgan 125 N. 53rd Ave, Phoenix","152758|15301 W Northern Ave, Glendale, AZ|DEF","33.44854856870365,-112.17782466657957","33.5514596, -112.383371",2700,420,"[0, 0, 0, 0, 0]",2025-07-16 08:00:00,2025-07-16 16:00:00
154635-285L,154635-285D,"Kinder Morgan 125 N. 53rd Ave, Phoenix","154635|17453 West Bethany Home Road, Glendale, AZ|DEF","33.44854856870365,-112.17782466657957","33.522662, -112.442456",2700,5040,"[0, 0, 0, 0, 0]",2025-07-16 12:00:00,2025-07-17 12:00:00
158452-286L,158452-286D,"Kinder Morgan 125 N. 53rd Ave, Phoenix","158452|NEC 64th St and Mayo Blvd, Phoenix, AZ|ULSD Dyed","33.44854856870365,-112.17782466657957","33.582229, -111.944216",2700,2880,"[0, 190, 0, 0, 0]",2025-07-16 00:00:00,2025-07-17 00:00:00
158452-287L,158452-287D,"Kinder Morgan 125 N. 53rd Ave, Phoenix","158452|NEC 64th St and Mayo Blvd, Phoenix, AZ|ULSD Clear","33.44854856870365,-112.17782466657957","33.582229, -111.944216",2700,2040,"[27, 0, 0, 0, 0]",2025-07-16 00:00:00,2025-07-17 00:00:00
161973-288L,161973-288D,"Kinder Morgan 125 N. 53rd Ave, Phoenix","161973|5740 W Baseline , Laveen, AZ|ULSD Dyed","33.44854856870365,-112.17782466657957","33.378309, -112.183636",2700,4980,"[0, 373, 0, 0, 0]",2025-07-16 18:00:00,2025-07-17 18:00:00
162254-289L,162254-289D,"Kinder Morgan 125 N. 53rd Ave, Phoenix","162254|321 W Watkins, Phoenix, AZ|ULSD Dyed","33.44854856870365,-112.17782466657957","33.4257916, -112.0780673",2700,2520,"[0, 168, 0, 0, 0]",2025-07-16 08:00:00,2025-07-16 16:00:00
163128-290L,163128-290D,"Kinder Morgan 125 N. 53rd Ave, Phoenix","163128|7223 NAlsup Ave, Litchfield Park, AZ|ULSD Clear","33.44854856870365,-112.17782466657957","33.542224, -112.400233",2700,1140,"[196, 0, 0, 0, 0]",2025-07-16 12:00:00,2025-07-17 12:00:00
163133-291L,163133-291D,"Kinder Morgan 125 N. 53rd Ave, Phoenix","163133|1975 South 99h Avenue, Tolleson, AZ|ULSD Dyed","33.44854856870365,-112.17782466657957","33.39013, -112.270956",2700,240,"[0, 48, 0, 0, 0]",2025-07-16 08:00:00,2025-07-16 16:00:00
172123-292L,172123-292D,"Kinder Morgan 125 N. 53rd Ave, Phoenix","172123|3115 N. Higley Rd, Mesa, AZ|ULSD Dyed","33.44854856870365,-112.17782466657957","33.4718768, -111.7183282",2700,780,"[0, 380, 0, 0, 0]",2025-07-16 00:00:00,2025-07-17 00:00:00
172354-293L,172354-293D,"Kinder Morgan 125 N. 53rd Ave, Phoenix","172354|7498 E Legacy Blvd, Scottsdale, AZ|ULSD Dyed","33.44854856870365,-112.17782466657957","33.653359, -111.8784484",2700,5100,"[0, 212, 0, 0, 0]",2025-07-16 08:00:00,2025-07-16 16:00:00
