id,description,start_location,start_latitude,start_longitude,end_location,end_latitude,end_longitude,time_window_start,time_window_end,capacity,alternative_capacities,skills,fixed_cost,max_tasks
7000|2|Fuel Tanker,7000|2 Taylor,"42.2550407,-83.274622",42.2550407,-83.274622,"42.2550407,-83.274622",42.2550407,-83.274622,2025-07-16 08:00:00 EDT,2025-07-16 18:00:00 EDT,"[1, 1, 1, 1, 1]","[[4000, 0, 0, 0, 0], [2000, 2000, 0, 0, 0], [2000, 0, 2000, 0, 0], [2000, 0, 0, 2000, 0], [2000, 0, 0, 0, 2000], [0, 4000, 0, 0, 0], [0, 2000, 2000, 0, 0], [0, 2000, 0, 2000, 0], [0, 2000, 0, 0, 2000], [0, 0, 4000, 0, 0], [0, 0, 2000, 2000, 0], [0, 0, 2000, 0, 2000], [0, 0, 0, 4000, 0], [0, 0, 0, 2000, 2000], [0, 0, 0, 0, 4000]]",,,
7001|3|Fuel Tanker,7001|3 Taylor,"42.2550407,-83.274622",42.2550407,-83.274622,"42.2550407,-83.274622",42.2550407,-83.274622,2025-07-16 08:00:00 EDT,2025-07-16 18:00:00 EDT,"[1, 1, 1, 1, 1]","[[4000, 0, 0, 0, 0], [2000, 2000, 0, 0, 0], [2000, 0, 2000, 0, 0], [2000, 0, 0, 2000, 0], [2000, 0, 0, 0, 2000], [0, 4000, 0, 0, 0], [0, 2000, 2000, 0, 0], [0, 2000, 0, 2000, 0], [0, 2000, 0, 0, 2000], [0, 0, 4000, 0, 0], [0, 0, 2000, 2000, 0], [0, 0, 2000, 0, 2000], [0, 0, 0, 4000, 0], [0, 0, 0, 2000, 2000], [0, 0, 0, 0, 4000]]",,,
7004|4|Fuel Tanker,7004|4 Taylor,"42.2550407,-83.274622",42.2550407,-83.274622,"42.2550407,-83.274622",42.2550407,-83.274622,2025-07-16 08:00:00 EDT,2025-07-16 18:00:00 EDT,"[1, 1, 1, 1, 1]","[[3800, 0, 0, 0, 0], [800, 3000, 0, 0, 0], [800, 0, 3000, 0, 0], [800, 0, 0, 3000, 0], [800, 0, 0, 0, 3000], [3000, 800, 0, 0, 0], [0, 3800, 0, 0, 0], [0, 800, 3000, 0, 0], [0, 800, 0, 3000, 0], [0, 800, 0, 0, 3000], [3000, 0, 800, 0, 0], [0, 3000, 800, 0, 0], [0, 0, 3800, 0, 0], [0, 0, 800, 3000, 0], [0, 0, 800, 0, 3000], [3000, 0, 0, 800, 0], [0, 3000, 0, 800, 0], [0, 0, 3000, 800, 0], [0, 0, 0, 3800, 0], [0, 0, 0, 800, 3000], [3000, 0, 0, 0, 800], [0, 3000, 0, 0, 800], [0, 0, 3000, 0, 800], [0, 0, 0, 3000, 800], [0, 0, 0, 0, 3800]]",,,
7006|5|Fuel Tanker,7006|5 Taylor,"42.2550407,-83.274622",42.2550407,-83.274622,"42.2550407,-83.274622",42.2550407,-83.274622,2025-07-16 08:00:00 EDT,2025-07-16 18:00:00 EDT,"[1, 1, 1, 1, 1]","[[3800, 0, 0, 0, 0], [800, 3000, 0, 0, 0], [800, 0, 3000, 0, 0], [800, 0, 0, 3000, 0], [800, 0, 0, 0, 3000], [3000, 800, 0, 0, 0], [0, 3800, 0, 0, 0], [0, 800, 3000, 0, 0], [0, 800, 0, 3000, 0], [0, 800, 0, 0, 3000], [3000, 0, 800, 0, 0], [0, 3000, 800, 0, 0], [0, 0, 3800, 0, 0], [0, 0, 800, 3000, 0], [0, 0, 800, 0, 3000], [3000, 0, 0, 800, 0], [0, 3000, 0, 800, 0], [0, 0, 3000, 800, 0], [0, 0, 0, 3800, 0], [0, 0, 0, 800, 3000], [3000, 0, 0, 0, 800], [0, 3000, 0, 0, 800], [0, 0, 3000, 0, 800], [0, 0, 0, 3000, 800], [0, 0, 0, 0, 3800]]",,,
7011|6|Fuel Tanker,7011|6 Taylor,"42.2550407,-83.274622",42.2550407,-83.274622,"42.2550407,-83.274622",42.2550407,-83.274622,2025-07-16 08:00:00 EDT,2025-07-16 18:00:00 EDT,"[1, 1, 1, 1, 1]","[[2000, 0, 0, 0, 0], [1000, 1000, 0, 0, 0], [1000, 0, 1000, 0, 0], [1000, 0, 0, 1000, 0], [1000, 0, 0, 0, 1000], [0, 2000, 0, 0, 0], [0, 1000, 1000, 0, 0], [0, 1000, 0, 1000, 0], [0, 1000, 0, 0, 1000], [0, 0, 2000, 0, 0], [0, 0, 1000, 1000, 0], [0, 0, 1000, 0, 1000], [0, 0, 0, 2000, 0], [0, 0, 0, 1000, 1000], [0, 0, 0, 0, 2000]]",,,
7383|7|Fuel Tanker,7383|7 Taylor,"42.2550407,-83.274622",42.2550407,-83.274622,"42.2550407,-83.274622",42.2550407,-83.274622,2025-07-16 08:00:00 EDT,2025-07-16 18:00:00 EDT,"[1, 1, 1, 1, 1]","[[3100, 0, 0, 0, 0], [1000, 2100, 0, 0, 0], [1000, 0, 2100, 0, 0], [1000, 0, 0, 2100, 0], [1000, 0, 0, 0, 2100], [2100, 1000, 0, 0, 0], [0, 3100, 0, 0, 0], [0, 1000, 2100, 0, 0], [0, 1000, 0, 2100, 0], [0, 1000, 0, 0, 2100], [2100, 0, 1000, 0, 0], [0, 2100, 1000, 0, 0], [0, 0, 3100, 0, 0], [0, 0, 1000, 2100, 0], [0, 0, 1000, 0, 2100], [2100, 0, 0, 1000, 0], [0, 2100, 0, 1000, 0], [0, 0, 2100, 1000, 0], [0, 0, 0, 3100, 0], [0, 0, 0, 1000, 2100], [2100, 0, 0, 0, 1000], [0, 2100, 0, 0, 1000], [0, 0, 2100, 0, 1000], [0, 0, 0, 2100, 1000], [0, 0, 0, 0, 3100]]",,,
7396|8|Fuel Tanker,7396|8 Taylor,"42.2550407,-83.274622",42.2550407,-83.274622,"42.2550407,-83.274622",42.2550407,-83.274622,2025-07-16 08:00:00 EDT,2025-07-16 18:00:00 EDT,"[1, 1, 1, 1, 1]","[[3100, 0, 0, 0, 0], [1000, 2100, 0, 0, 0], [1000, 0, 2100, 0, 0], [1000, 0, 0, 2100, 0], [1000, 0, 0, 0, 2100], [2100, 1000, 0, 0, 0], [0, 3100, 0, 0, 0], [0, 1000, 2100, 0, 0], [0, 1000, 0, 2100, 0], [0, 1000, 0, 0, 2100], [2100, 0, 1000, 0, 0], [0, 2100, 1000, 0, 0], [0, 0, 3100, 0, 0], [0, 0, 1000, 2100, 0], [0, 0, 1000, 0, 2100], [2100, 0, 0, 1000, 0], [0, 2100, 0, 1000, 0], [0, 0, 2100, 1000, 0], [0, 0, 0, 3100, 0], [0, 0, 0, 1000, 2100], [2100, 0, 0, 0, 1000], [0, 2100, 0, 0, 1000], [0, 0, 2100, 0, 1000], [0, 0, 0, 2100, 1000], [0, 0, 0, 0, 3100]]",,,
7408|9|Fuel Tanker,7408|9 Taylor,"42.2550407,-83.274622",42.2550407,-83.274622,"42.2550407,-83.274622",42.2550407,-83.274622,2025-07-16 08:00:00 EDT,2025-07-16 18:00:00 EDT,"[1, 1, 1, 1, 1]","[[2200, 0, 0, 0, 0], [1200, 1000, 0, 0, 0], [1200, 0, 1000, 0, 0], [1200, 0, 0, 1000, 0], [1200, 0, 0, 0, 1000], [1000, 1200, 0, 0, 0], [0, 2200, 0, 0, 0], [0, 1200, 1000, 0, 0], [0, 1200, 0, 1000, 0], [0, 1200, 0, 0, 1000], [1000, 0, 1200, 0, 0], [0, 1000, 1200, 0, 0], [0, 0, 2200, 0, 0], [0, 0, 1200, 1000, 0], [0, 0, 1200, 0, 1000], [1000, 0, 0, 1200, 0], [0, 1000, 0, 1200, 0], [0, 0, 1000, 1200, 0], [0, 0, 0, 2200, 0], [0, 0, 0, 1200, 1000], [1000, 0, 0, 0, 1200], [0, 1000, 0, 0, 1200], [0, 0, 1000, 0, 1200], [0, 0, 0, 1000, 1200], [0, 0, 0, 0, 2200]]",,,
7424|10|Fuel Tanker,7424|10 Taylor,"42.2550407,-83.274622",42.2550407,-83.274622,"42.2550407,-83.274622",42.2550407,-83.274622,2025-07-16 08:00:00 EDT,2025-07-16 18:00:00 EDT,"[1, 1, 1, 1, 1]","[[2400, 0, 0, 0, 0], [1200, 1200, 0, 0, 0], [1200, 0, 1200, 0, 0], [1200, 0, 0, 1200, 0], [1200, 0, 0, 0, 1200], [0, 2400, 0, 0, 0], [0, 1200, 1200, 0, 0], [0, 1200, 0, 1200, 0], [0, 1200, 0, 0, 1200], [0, 0, 2400, 0, 0], [0, 0, 1200, 1200, 0], [0, 0, 1200, 0, 1200], [0, 0, 0, 2400, 0], [0, 0, 0, 1200, 1200], [0, 0, 0, 0, 2400]]",,,
7425|11|Fuel Tanker,7425|11 Taylor,"42.2550407,-83.274622",42.2550407,-83.274622,"42.2550407,-83.274622",42.2550407,-83.274622,2025-07-16 08:00:00 EDT,2025-07-16 18:00:00 EDT,"[1, 1, 1, 1, 1]","[[2400, 0, 0, 0, 0], [1200, 1200, 0, 0, 0], [1200, 0, 1200, 0, 0], [1200, 0, 0, 1200, 0], [1200, 0, 0, 0, 1200], [0, 2400, 0, 0, 0], [0, 1200, 1200, 0, 0], [0, 1200, 0, 1200, 0], [0, 1200, 0, 0, 1200], [0, 0, 2400, 0, 0], [0, 0, 1200, 1200, 0], [0, 0, 1200, 0, 1200], [0, 0, 0, 2400, 0], [0, 0, 0, 1200, 1200], [0, 0, 0, 0, 2400]]",,,
7426|12|Fuel Tanker,7426|12 Taylor,"42.2550407,-83.274622",42.2550407,-83.274622,"42.2550407,-83.274622",42.2550407,-83.274622,2025-07-16 08:00:00 EDT,2025-07-16 18:00:00 EDT,"[1, 1, 1, 1, 1]","[[2400, 0, 0, 0, 0], [1200, 1200, 0, 0, 0], [1200, 0, 1200, 0, 0], [1200, 0, 0, 1200, 0], [1200, 0, 0, 0, 1200], [0, 2400, 0, 0, 0], [0, 1200, 1200, 0, 0], [0, 1200, 0, 1200, 0], [0, 1200, 0, 0, 1200], [0, 0, 2400, 0, 0], [0, 0, 1200, 1200, 0], [0, 0, 1200, 0, 1200], [0, 0, 0, 2400, 0], [0, 0, 0, 1200, 1200], [0, 0, 0, 0, 2400]]",,,
7427|13|Fuel Tanker,7427|13 Taylor,"42.2550407,-83.274622",42.2550407,-83.274622,"42.2550407,-83.274622",42.2550407,-83.274622,2025-07-16 08:00:00 EDT,2025-07-16 18:00:00 EDT,"[1, 1, 1, 1, 1]","[[2400, 0, 0, 0, 0], [1200, 1200, 0, 0, 0], [1200, 0, 1200, 0, 0], [1200, 0, 0, 1200, 0], [1200, 0, 0, 0, 1200], [0, 2400, 0, 0, 0], [0, 1200, 1200, 0, 0], [0, 1200, 0, 1200, 0], [0, 1200, 0, 0, 1200], [0, 0, 2400, 0, 0], [0, 0, 1200, 1200, 0], [0, 0, 1200, 0, 1200], [0, 0, 0, 2400, 0], [0, 0, 0, 1200, 1200], [0, 0, 0, 0, 2400]]",,,
7428|14|Fuel Tanker,7428|14 Taylor,"42.2550407,-83.274622",42.2550407,-83.274622,"42.2550407,-83.274622",42.2550407,-83.274622,2025-07-16 08:00:00 EDT,2025-07-16 18:00:00 EDT,"[1, 1, 1, 1, 1]","[[2400, 0, 0, 0, 0], [1200, 1200, 0, 0, 0], [1200, 0, 1200, 0, 0], [1200, 0, 0, 1200, 0], [1200, 0, 0, 0, 1200], [0, 2400, 0, 0, 0], [0, 1200, 1200, 0, 0], [0, 1200, 0, 1200, 0], [0, 1200, 0, 0, 1200], [0, 0, 2400, 0, 0], [0, 0, 1200, 1200, 0], [0, 0, 1200, 0, 1200], [0, 0, 0, 2400, 0], [0, 0, 0, 1200, 1200], [0, 0, 0, 0, 2400]]",,,
7429|15|Fuel Tanker,7429|15 Taylor,"42.2550407,-83.274622",42.2550407,-83.274622,"42.2550407,-83.274622",42.2550407,-83.274622,2025-07-16 08:00:00 EDT,2025-07-16 18:00:00 EDT,"[1, 1, 1, 1, 1]","[[2400, 0, 0, 0, 0], [1200, 1200, 0, 0, 0], [1200, 0, 1200, 0, 0], [1200, 0, 0, 1200, 0], [1200, 0, 0, 0, 1200], [0, 2400, 0, 0, 0], [0, 1200, 1200, 0, 0], [0, 1200, 0, 1200, 0], [0, 1200, 0, 0, 1200], [0, 0, 2400, 0, 0], [0, 0, 1200, 1200, 0], [0, 0, 1200, 0, 1200], [0, 0, 0, 2400, 0], [0, 0, 0, 1200, 1200], [0, 0, 0, 0, 2400]]",,,
7430|16|Fuel Tanker,7430|16 Taylor,"42.2550407,-83.274622",42.2550407,-83.274622,"42.2550407,-83.274622",42.2550407,-83.274622,2025-07-16 08:00:00 EDT,2025-07-16 18:00:00 EDT,"[1, 1, 1, 1, 1]","[[2500, 0, 0, 0, 0], [1500, 1000, 0, 0, 0], [1500, 0, 1000, 0, 0], [1500, 0, 0, 1000, 0], [1500, 0, 0, 0, 1000], [1000, 1500, 0, 0, 0], [0, 2500, 0, 0, 0], [0, 1500, 1000, 0, 0], [0, 1500, 0, 1000, 0], [0, 1500, 0, 0, 1000], [1000, 0, 1500, 0, 0], [0, 1000, 1500, 0, 0], [0, 0, 2500, 0, 0], [0, 0, 1500, 1000, 0], [0, 0, 1500, 0, 1000], [1000, 0, 0, 1500, 0], [0, 1000, 0, 1500, 0], [0, 0, 1000, 1500, 0], [0, 0, 0, 2500, 0], [0, 0, 0, 1500, 1000], [1000, 0, 0, 0, 1500], [0, 1000, 0, 0, 1500], [0, 0, 1000, 0, 1500], [0, 0, 0, 1000, 1500], [0, 0, 0, 0, 2500]]",,,
7432|17|Fuel Tanker,7432|17 Taylor,"42.2550407,-83.274622",42.2550407,-83.274622,"42.2550407,-83.274622",42.2550407,-83.274622,2025-07-16 08:00:00 EDT,2025-07-16 18:00:00 EDT,"[1, 1, 1, 1, 1]","[[3800, 0, 0, 0, 0], [800, 3000, 0, 0, 0], [800, 0, 3000, 0, 0], [800, 0, 0, 3000, 0], [800, 0, 0, 0, 3000], [3000, 800, 0, 0, 0], [0, 3800, 0, 0, 0], [0, 800, 3000, 0, 0], [0, 800, 0, 3000, 0], [0, 800, 0, 0, 3000], [3000, 0, 800, 0, 0], [0, 3000, 800, 0, 0], [0, 0, 3800, 0, 0], [0, 0, 800, 3000, 0], [0, 0, 800, 0, 3000], [3000, 0, 0, 800, 0], [0, 3000, 0, 800, 0], [0, 0, 3000, 800, 0], [0, 0, 0, 3800, 0], [0, 0, 0, 800, 3000], [3000, 0, 0, 0, 800], [0, 3000, 0, 0, 800], [0, 0, 3000, 0, 800], [0, 0, 0, 3000, 800], [0, 0, 0, 0, 3800]]",,,
7452|18|DEF Tanker,7452|18 Taylor,"42.2550407,-83.274622",42.2550407,-83.274622,"42.2550407,-83.274622",42.2550407,-83.274622,2025-07-16 08:00:00 EDT,2025-07-16 18:00:00 EDT,"[1, 1, 1, 1, 1]","[[440000, 0, 0, 0, 0], [0, 4400, 0, 0, 0], [0, 0, 4400, 0, 0], [0, 0, 0, 4400, 0], [0, 0, 0, 0, 4400], [4400, 0, 0, 0, 0], [0, 4400, 0, 0, 0], [0, 0, 4400, 0, 0], [0, 0, 0, 4400, 0], [0, 0, 0, 0, 4400], [44000, 0, 0, 0, 0], [0, 4400, 0, 0, 0], [0, 0, 4400, 0, 0], [0, 0, 0, 4400, 0], [0, 0, 0, 0, 4400], [4400, 0, 0, 0, 0], [0, 44000, 0, 0, 0], [0, 0, 4400, 0, 0], [0, 0, 0, 4400, 0], [0, 0, 0, 0, 4400], [4400, 0, 0, 0, 0], [0, 4400, 0, 0, 0], [0, 0, 44000, 0, 0], [0, 0, 0, 4400, 0], [0, 0, 0, 0, 4400], [4400, 0, 0, 0, 0], [0, 4400, 0, 0, 0], [0, 0, 4400, 0, 0], [0, 0, 0, 44000, 0], [0, 0, 0, 0, 4400], [4400, 0, 0, 0, 0], [0, 4400, 0, 0, 0], [0, 0, 4400, 0, 0], [0, 0, 0, 4400, 0], [0, 0, 0, 0, 44000], [4400, 0, 0, 0, 0], [0, 440000, 0, 0, 0], [0, 0, 4400, 0, 0], [0, 0, 0, 4400, 0], [0, 0, 0, 0, 4400], [4400, 0, 0, 0, 0], [0, 4400, 0, 0, 0], [0, 0, 440000, 0, 0], [0, 0, 0, 4400, 0], [0, 0, 0, 0, 4400], [4400, 0, 0, 0, 0], [0, 4400, 0, 0, 0], [0, 0, 4400, 0, 0], [0, 0, 0, 440000, 0], [0, 0, 0, 0, 4400], [4400, 0, 0, 0, 0], [0, 4400, 0, 0, 0], [0, 0, 4400, 0, 0], [0, 0, 0, 4400, 0], [0, 0, 0, 0, 440000]]",,,
7454|19|Fuel Tanker,7454|19 Taylor,"42.2550407,-83.274622",42.2550407,-83.274622,"42.2550407,-83.274622",42.2550407,-83.274622,2025-07-16 08:00:00 EDT,2025-07-16 18:00:00 EDT,"[1, 1, 1, 1, 1]","[[2000, 0, 0, 0, 0], [1000, 1000, 0, 0, 0], [1000, 0, 1000, 0, 0], [1000, 0, 0, 1000, 0], [1000, 0, 0, 0, 1000], [0, 2000, 0, 0, 0], [0, 1000, 1000, 0, 0], [0, 1000, 0, 1000, 0], [0, 1000, 0, 0, 1000], [0, 0, 2000, 0, 0], [0, 0, 1000, 1000, 0], [0, 0, 1000, 0, 1000], [0, 0, 0, 2000, 0], [0, 0, 0, 1000, 1000], [0, 0, 0, 0, 2000]]",,,
7455|20|Fuel Tanker,7455|20 Taylor,"42.2550407,-83.274622",42.2550407,-83.274622,"42.2550407,-83.274622",42.2550407,-83.274622,2025-07-16 08:00:00 EDT,2025-07-16 18:00:00 EDT,"[1, 1, 1, 1, 1]","[[1700, 0, 0, 0, 0], [1000, 700, 0, 0, 0], [1000, 0, 700, 0, 0], [1000, 0, 0, 700, 0], [1000, 0, 0, 0, 700], [700, 1000, 0, 0, 0], [0, 1700, 0, 0, 0], [0, 1000, 700, 0, 0], [0, 1000, 0, 700, 0], [0, 1000, 0, 0, 700], [700, 0, 1000, 0, 0], [0, 700, 1000, 0, 0], [0, 0, 1700, 0, 0], [0, 0, 1000, 700, 0], [0, 0, 1000, 0, 700], [700, 0, 0, 1000, 0], [0, 700, 0, 1000, 0], [0, 0, 700, 1000, 0], [0, 0, 0, 1700, 0], [0, 0, 0, 1000, 700], [700, 0, 0, 0, 1000], [0, 700, 0, 0, 1000], [0, 0, 700, 0, 1000], [0, 0, 0, 700, 1000], [0, 0, 0, 0, 1700]]",,,
7456|21|Fuel Tanker,7456|21 Taylor,"42.2550407,-83.274622",42.2550407,-83.274622,"42.2550407,-83.274622",42.2550407,-83.274622,2025-07-16 08:00:00 EDT,2025-07-16 18:00:00 EDT,"[1, 1, 1, 1, 1]","[[1700, 0, 0, 0, 0], [1000, 700, 0, 0, 0], [1000, 0, 700, 0, 0], [1000, 0, 0, 700, 0], [1000, 0, 0, 0, 700], [700, 1000, 0, 0, 0], [0, 1700, 0, 0, 0], [0, 1000, 700, 0, 0], [0, 1000, 0, 700, 0], [0, 1000, 0, 0, 700], [700, 0, 1000, 0, 0], [0, 700, 1000, 0, 0], [0, 0, 1700, 0, 0], [0, 0, 1000, 700, 0], [0, 0, 1000, 0, 700], [700, 0, 0, 1000, 0], [0, 700, 0, 1000, 0], [0, 0, 700, 1000, 0], [0, 0, 0, 1700, 0], [0, 0, 0, 1000, 700], [700, 0, 0, 0, 1000], [0, 700, 0, 0, 1000], [0, 0, 700, 0, 1000], [0, 0, 0, 700, 1000], [0, 0, 0, 0, 1700]]",,,
7457|22|Fuel Tanker,7457|22 Taylor,"42.2550407,-83.274622",42.2550407,-83.274622,"42.2550407,-83.274622",42.2550407,-83.274622,2025-07-16 08:00:00 EDT,2025-07-16 18:00:00 EDT,"[1, 1, 1, 1, 1]","[[2000, 0, 0, 0, 0], [1000, 1000, 0, 0, 0], [1000, 0, 1000, 0, 0], [1000, 0, 0, 1000, 0], [1000, 0, 0, 0, 1000], [0, 2000, 0, 0, 0], [0, 1000, 1000, 0, 0], [0, 1000, 0, 1000, 0], [0, 1000, 0, 0, 1000], [0, 0, 2000, 0, 0], [0, 0, 1000, 1000, 0], [0, 0, 1000, 0, 1000], [0, 0, 0, 2000, 0], [0, 0, 0, 1000, 1000], [0, 0, 0, 0, 2000]]",,,
7460|23|Fuel Tanker,7460|23 Taylor,"42.2550407,-83.274622",42.2550407,-83.274622,"42.2550407,-83.274622",42.2550407,-83.274622,2025-07-16 08:00:00 EDT,2025-07-16 18:00:00 EDT,"[1, 1, 1, 1, 1]","[[2000, 0, 0, 0, 0], [1000, 1000, 0, 0, 0], [1000, 0, 1000, 0, 0], [1000, 0, 0, 1000, 0], [1000, 0, 0, 0, 1000], [0, 2000, 0, 0, 0], [0, 1000, 1000, 0, 0], [0, 1000, 0, 1000, 0], [0, 1000, 0, 0, 1000], [0, 0, 2000, 0, 0], [0, 0, 1000, 1000, 0], [0, 0, 1000, 0, 1000], [0, 0, 0, 2000, 0], [0, 0, 0, 1000, 1000], [0, 0, 0, 0, 2000]]",,,
7461|24|Fuel Tanker,7461|24 Taylor,"42.2550407,-83.274622",42.2550407,-83.274622,"42.2550407,-83.274622",42.2550407,-83.274622,2025-07-16 08:00:00 EDT,2025-07-16 18:00:00 EDT,"[1, 1, 1, 1, 1]","[[2000, 0, 0, 0, 0], [1000, 1000, 0, 0, 0], [1000, 0, 1000, 0, 0], [1000, 0, 0, 1000, 0], [1000, 0, 0, 0, 1000], [0, 2000, 0, 0, 0], [0, 1000, 1000, 0, 0], [0, 1000, 0, 1000, 0], [0, 1000, 0, 0, 1000], [0, 0, 2000, 0, 0], [0, 0, 1000, 1000, 0], [0, 0, 1000, 0, 1000], [0, 0, 0, 2000, 0], [0, 0, 0, 1000, 1000], [0, 0, 0, 0, 2000]]",,,
S-567|25|Dually Tanker,S-567|25 Taylor,"42.2550407,-83.274622",42.2550407,-83.274622,"42.2550407,-83.274622",42.2550407,-83.274622,2025-07-16 08:00:00 EDT,2025-07-16 18:00:00 EDT,"[1, 1, 1, 1, 1]","[[230, 0, 0, 0, 0], [115, 115, 0, 0, 0], [115, 0, 115, 0, 0], [115, 0, 0, 115, 0], [115, 0, 0, 0, 115], [0, 230, 0, 0, 0], [0, 115, 115, 0, 0], [0, 115, 0, 115, 0], [0, 115, 0, 0, 115], [0, 0, 230, 0, 0], [0, 0, 115, 115, 0], [0, 0, 115, 0, 115], [0, 0, 0, 230, 0], [0, 0, 0, 115, 115], [0, 0, 0, 0, 230]]",,,
S-7201|26|Trailer-Utility,S-7201|26 Taylor,"42.2550407,-83.274622",42.2550407,-83.274622,"42.2550407,-83.274622",42.2550407,-83.274622,2025-07-16 08:00:00 EDT,2025-07-16 18:00:00 EDT,"[1, 1, 1, 1, 1]","[[35000, 0, 0, 0, 0], [0, 350, 0, 0, 0], [0, 0, 350, 0, 0], [0, 0, 0, 350, 0], [0, 0, 0, 0, 350], [350, 0, 0, 0, 0], [0, 350, 0, 0, 0], [0, 0, 350, 0, 0], [0, 0, 0, 350, 0], [0, 0, 0, 0, 350], [3500, 0, 0, 0, 0], [0, 350, 0, 0, 0], [0, 0, 350, 0, 0], [0, 0, 0, 350, 0], [0, 0, 0, 0, 350], [350, 0, 0, 0, 0], [0, 3500, 0, 0, 0], [0, 0, 350, 0, 0], [0, 0, 0, 350, 0], [0, 0, 0, 0, 350], [350, 0, 0, 0, 0], [0, 350, 0, 0, 0], [0, 0, 3500, 0, 0], [0, 0, 0, 350, 0], [0, 0, 0, 0, 350], [350, 0, 0, 0, 0], [0, 350, 0, 0, 0], [0, 0, 350, 0, 0], [0, 0, 0, 3500, 0], [0, 0, 0, 0, 350], [350, 0, 0, 0, 0], [0, 350, 0, 0, 0], [0, 0, 350, 0, 0], [0, 0, 0, 350, 0], [0, 0, 0, 0, 3500], [350, 0, 0, 0, 0], [0, 35000, 0, 0, 0], [0, 0, 350, 0, 0], [0, 0, 0, 350, 0], [0, 0, 0, 0, 350], [350, 0, 0, 0, 0], [0, 350, 0, 0, 0], [0, 0, 35000, 0, 0], [0, 0, 0, 350, 0], [0, 0, 0, 0, 350], [350, 0, 0, 0, 0], [0, 350, 0, 0, 0], [0, 0, 350, 0, 0], [0, 0, 0, 35000, 0], [0, 0, 0, 0, 350], [350, 0, 0, 0, 0], [0, 350, 0, 0, 0], [0, 0, 350, 0, 0], [0, 0, 0, 350, 0], [0, 0, 0, 0, 35000]]",,,
S-7202|27|Trailer-Utility,S-7202|27 Taylor,"42.2550407,-83.274622",42.2550407,-83.274622,"42.2550407,-83.274622",42.2550407,-83.274622,2025-07-16 08:00:00 EDT,2025-07-16 18:00:00 EDT,"[1, 1, 1, 1, 1]","[[70000, 0, 0, 0, 0], [0, 700, 0, 0, 0], [0, 0, 700, 0, 0], [0, 0, 0, 700, 0], [0, 0, 0, 0, 700], [700, 0, 0, 0, 0], [0, 700, 0, 0, 0], [0, 0, 700, 0, 0], [0, 0, 0, 700, 0], [0, 0, 0, 0, 700], [7000, 0, 0, 0, 0], [0, 700, 0, 0, 0], [0, 0, 700, 0, 0], [0, 0, 0, 700, 0], [0, 0, 0, 0, 700], [700, 0, 0, 0, 0], [0, 7000, 0, 0, 0], [0, 0, 700, 0, 0], [0, 0, 0, 700, 0], [0, 0, 0, 0, 700], [700, 0, 0, 0, 0], [0, 700, 0, 0, 0], [0, 0, 7000, 0, 0], [0, 0, 0, 700, 0], [0, 0, 0, 0, 700], [700, 0, 0, 0, 0], [0, 700, 0, 0, 0], [0, 0, 700, 0, 0], [0, 0, 0, 7000, 0], [0, 0, 0, 0, 700], [700, 0, 0, 0, 0], [0, 700, 0, 0, 0], [0, 0, 700, 0, 0], [0, 0, 0, 700, 0], [0, 0, 0, 0, 7000], [700, 0, 0, 0, 0], [0, 70000, 0, 0, 0], [0, 0, 700, 0, 0], [0, 0, 0, 700, 0], [0, 0, 0, 0, 700], [700, 0, 0, 0, 0], [0, 700, 0, 0, 0], [0, 0, 70000, 0, 0], [0, 0, 0, 700, 0], [0, 0, 0, 0, 700], [700, 0, 0, 0, 0], [0, 700, 0, 0, 0], [0, 0, 700, 0, 0], [0, 0, 0, 70000, 0], [0, 0, 0, 0, 700], [700, 0, 0, 0, 0], [0, 700, 0, 0, 0], [0, 0, 700, 0, 0], [0, 0, 0, 700, 0], [0, 0, 0, 0, 70000]]",,,
S-7203|28|Trailer-Utility,S-7203|28 Taylor,"42.2550407,-83.274622",42.2550407,-83.274622,"42.2550407,-83.274622",42.2550407,-83.274622,2025-07-16 08:00:00 EDT,2025-07-16 18:00:00 EDT,"[1, 1, 1, 1, 1]","[[55000, 0, 0, 0, 0], [0, 550, 0, 0, 0], [0, 0, 550, 0, 0], [0, 0, 0, 550, 0], [0, 0, 0, 0, 550], [550, 0, 0, 0, 0], [0, 550, 0, 0, 0], [0, 0, 550, 0, 0], [0, 0, 0, 550, 0], [0, 0, 0, 0, 550], [5500, 0, 0, 0, 0], [0, 550, 0, 0, 0], [0, 0, 550, 0, 0], [0, 0, 0, 550, 0], [0, 0, 0, 0, 550], [550, 0, 0, 0, 0], [0, 5500, 0, 0, 0], [0, 0, 550, 0, 0], [0, 0, 0, 550, 0], [0, 0, 0, 0, 550], [550, 0, 0, 0, 0], [0, 550, 0, 0, 0], [0, 0, 5500, 0, 0], [0, 0, 0, 550, 0], [0, 0, 0, 0, 550], [550, 0, 0, 0, 0], [0, 550, 0, 0, 0], [0, 0, 550, 0, 0], [0, 0, 0, 5500, 0], [0, 0, 0, 0, 550], [550, 0, 0, 0, 0], [0, 550, 0, 0, 0], [0, 0, 550, 0, 0], [0, 0, 0, 550, 0], [0, 0, 0, 0, 5500], [550, 0, 0, 0, 0], [0, 55000, 0, 0, 0], [0, 0, 550, 0, 0], [0, 0, 0, 550, 0], [0, 0, 0, 0, 550], [550, 0, 0, 0, 0], [0, 550, 0, 0, 0], [0, 0, 55000, 0, 0], [0, 0, 0, 550, 0], [0, 0, 0, 0, 550], [550, 0, 0, 0, 0], [0, 550, 0, 0, 0], [0, 0, 550, 0, 0], [0, 0, 0, 55000, 0], [0, 0, 0, 0, 550], [550, 0, 0, 0, 0], [0, 550, 0, 0, 0], [0, 0, 550, 0, 0], [0, 0, 0, 550, 0], [0, 0, 0, 0, 55000]]",,,
S-7204|29|Trailer-Utility,S-7204|29 Taylor,"42.2550407,-83.274622",42.2550407,-83.274622,"42.2550407,-83.274622",42.2550407,-83.274622,2025-07-16 08:00:00 EDT,2025-07-16 18:00:00 EDT,"[1, 1, 1, 1, 1]","[[55000, 0, 0, 0, 0], [0, 550, 0, 0, 0], [0, 0, 550, 0, 0], [0, 0, 0, 550, 0], [0, 0, 0, 0, 550], [550, 0, 0, 0, 0], [0, 550, 0, 0, 0], [0, 0, 550, 0, 0], [0, 0, 0, 550, 0], [0, 0, 0, 0, 550], [5500, 0, 0, 0, 0], [0, 550, 0, 0, 0], [0, 0, 550, 0, 0], [0, 0, 0, 550, 0], [0, 0, 0, 0, 550], [550, 0, 0, 0, 0], [0, 5500, 0, 0, 0], [0, 0, 550, 0, 0], [0, 0, 0, 550, 0], [0, 0, 0, 0, 550], [550, 0, 0, 0, 0], [0, 550, 0, 0, 0], [0, 0, 5500, 0, 0], [0, 0, 0, 550, 0], [0, 0, 0, 0, 550], [550, 0, 0, 0, 0], [0, 550, 0, 0, 0], [0, 0, 550, 0, 0], [0, 0, 0, 5500, 0], [0, 0, 0, 0, 550], [550, 0, 0, 0, 0], [0, 550, 0, 0, 0], [0, 0, 550, 0, 0], [0, 0, 0, 550, 0], [0, 0, 0, 0, 5500], [550, 0, 0, 0, 0], [0, 55000, 0, 0, 0], [0, 0, 550, 0, 0], [0, 0, 0, 550, 0], [0, 0, 0, 0, 550], [550, 0, 0, 0, 0], [0, 550, 0, 0, 0], [0, 0, 55000, 0, 0], [0, 0, 0, 550, 0], [0, 0, 0, 0, 550], [550, 0, 0, 0, 0], [0, 550, 0, 0, 0], [0, 0, 550, 0, 0], [0, 0, 0, 55000, 0], [0, 0, 0, 0, 550], [550, 0, 0, 0, 0], [0, 550, 0, 0, 0], [0, 0, 550, 0, 0], [0, 0, 0, 550, 0], [0, 0, 0, 0, 55000]]",,,
S-7205|30|Trailer-Utility,S-7205|30 Taylor,"42.2550407,-83.274622",42.2550407,-83.274622,"42.2550407,-83.274622",42.2550407,-83.274622,2025-07-16 08:00:00 EDT,2025-07-16 18:00:00 EDT,"[1, 1, 1, 1, 1]","[[55000, 0, 0, 0, 0], [0, 550, 0, 0, 0], [0, 0, 550, 0, 0], [0, 0, 0, 550, 0], [0, 0, 0, 0, 550], [550, 0, 0, 0, 0], [0, 550, 0, 0, 0], [0, 0, 550, 0, 0], [0, 0, 0, 550, 0], [0, 0, 0, 0, 550], [5500, 0, 0, 0, 0], [0, 550, 0, 0, 0], [0, 0, 550, 0, 0], [0, 0, 0, 550, 0], [0, 0, 0, 0, 550], [550, 0, 0, 0, 0], [0, 5500, 0, 0, 0], [0, 0, 550, 0, 0], [0, 0, 0, 550, 0], [0, 0, 0, 0, 550], [550, 0, 0, 0, 0], [0, 550, 0, 0, 0], [0, 0, 5500, 0, 0], [0, 0, 0, 550, 0], [0, 0, 0, 0, 550], [550, 0, 0, 0, 0], [0, 550, 0, 0, 0], [0, 0, 550, 0, 0], [0, 0, 0, 5500, 0], [0, 0, 0, 0, 550], [550, 0, 0, 0, 0], [0, 550, 0, 0, 0], [0, 0, 550, 0, 0], [0, 0, 0, 550, 0], [0, 0, 0, 0, 5500], [550, 0, 0, 0, 0], [0, 55000, 0, 0, 0], [0, 0, 550, 0, 0], [0, 0, 0, 550, 0], [0, 0, 0, 0, 550], [550, 0, 0, 0, 0], [0, 550, 0, 0, 0], [0, 0, 55000, 0, 0], [0, 0, 0, 550, 0], [0, 0, 0, 0, 550], [550, 0, 0, 0, 0], [0, 550, 0, 0, 0], [0, 0, 550, 0, 0], [0, 0, 0, 55000, 0], [0, 0, 0, 0, 550], [550, 0, 0, 0, 0], [0, 550, 0, 0, 0], [0, 0, 550, 0, 0], [0, 0, 0, 550, 0], [0, 0, 0, 0, 55000]]",,,
S-7208|31|Trailer-Utility,S-7208|31 Taylor,"42.2550407,-83.274622",42.2550407,-83.274622,"42.2550407,-83.274622",42.2550407,-83.274622,2025-07-16 08:00:00 EDT,2025-07-16 18:00:00 EDT,"[1, 1, 1, 1, 1]","[[55000, 0, 0, 0, 0], [0, 550, 0, 0, 0], [0, 0, 550, 0, 0], [0, 0, 0, 550, 0], [0, 0, 0, 0, 550], [550, 0, 0, 0, 0], [0, 550, 0, 0, 0], [0, 0, 550, 0, 0], [0, 0, 0, 550, 0], [0, 0, 0, 0, 550], [5500, 0, 0, 0, 0], [0, 550, 0, 0, 0], [0, 0, 550, 0, 0], [0, 0, 0, 550, 0], [0, 0, 0, 0, 550], [550, 0, 0, 0, 0], [0, 5500, 0, 0, 0], [0, 0, 550, 0, 0], [0, 0, 0, 550, 0], [0, 0, 0, 0, 550], [550, 0, 0, 0, 0], [0, 550, 0, 0, 0], [0, 0, 5500, 0, 0], [0, 0, 0, 550, 0], [0, 0, 0, 0, 550], [550, 0, 0, 0, 0], [0, 550, 0, 0, 0], [0, 0, 550, 0, 0], [0, 0, 0, 5500, 0], [0, 0, 0, 0, 550], [550, 0, 0, 0, 0], [0, 550, 0, 0, 0], [0, 0, 550, 0, 0], [0, 0, 0, 550, 0], [0, 0, 0, 0, 5500], [550, 0, 0, 0, 0], [0, 55000, 0, 0, 0], [0, 0, 550, 0, 0], [0, 0, 0, 550, 0], [0, 0, 0, 0, 550], [550, 0, 0, 0, 0], [0, 550, 0, 0, 0], [0, 0, 55000, 0, 0], [0, 0, 0, 550, 0], [0, 0, 0, 0, 550], [550, 0, 0, 0, 0], [0, 550, 0, 0, 0], [0, 0, 550, 0, 0], [0, 0, 0, 55000, 0], [0, 0, 0, 0, 550], [550, 0, 0, 0, 0], [0, 550, 0, 0, 0], [0, 0, 550, 0, 0], [0, 0, 0, 550, 0], [0, 0, 0, 0, 55000]]",,,
